year,week,global_idx,precip_pcc,precip_acc,precip_rmse,olr_pcc,olr_acc,olr_rmse,t2m_pcc,t2m_acc,t2m_rmse,d2m_pcc,d2m_acc,d2m_rmse,u200_pcc,u200_acc,u200_rmse,u850_pcc,u850_acc,u850_rmse,surface_rmse,upper_air_rmse
2017,1,1820,0.7732523083686829,0.7731168866157532,1.23086678981781,0.9569607973098755,0.9570034146308899,0.2621232867240906,0.9904355406761169,0.989990234375,0.13171996176242828,0.9871608018875122,0.9866727590560913,0.15122446417808533,0.8883842825889587,0.888229489326477,0.5063404440879822,0.8258036971092224,0.8218240141868591,0.5636577010154724,0.46442005038261414,0.64341801404953
2017,2,1821,0.7403683066368103,0.7400833368301392,1.2592058181762695,0.9580348134040833,0.958063006401062,0.2648804783821106,0.9953353404998779,0.9952847361564636,0.08989978581666946,0.9929215312004089,0.99287348985672,0.10986588895320892,0.9135444760322571,0.912128210067749,0.43318116664886475,0.8610562682151794,0.8603209257125854,0.5178716778755188,0.43647873401641846,0.6124123334884644
2017,3,1822,0.7768427729606628,0.7768427133560181,1.185569405555725,0.9550723433494568,0.9547921419143677,0.2716364860534668,0.9948573708534241,0.9947199821472168,0.1001209020614624,0.9925470352172852,0.9923411011695862,0.11780406534671783,0.8947526216506958,0.8945198059082031,0.4705412983894348,0.8566034436225891,0.8566104769706726,0.5323526263237,0.43229734897613525,0.6128461360931396
2017,4,1823,0.7557061910629272,0.7554822564125061,1.328874945640564,0.9584048390388489,0.9581254720687866,0.2614164650440216,0.992527186870575,0.992417573928833,0.11777900159358978,0.9896177053451538,0.9895042181015015,0.13747037947177887,0.9139673113822937,0.9139328598976135,0.4391385018825531,0.8257594108581543,0.8243485689163208,0.6071574687957764,0.45837220549583435,0.6502671241760254
2017,5,1824,0.6886789202690125,0.6886310577392578,1.3721414804458618,0.9557390809059143,0.955741822719574,0.275014728307724,0.9930323362350464,0.9930353164672852,0.11486274003982544,0.9899633526802063,0.9899829626083374,0.1374785304069519,0.8629993796348572,0.8629496097564697,0.5242893099784851,0.8310315012931824,0.8254378437995911,0.5398461818695068,0.4804445505142212,0.6630979776382446
2017,6,1825,0.7259110808372498,0.725938081741333,1.2033756971359253,0.9617224931716919,0.9618152976036072,0.25924748182296753,0.9942325949668884,0.9942481517791748,0.10773510485887527,0.9915862083435059,0.9916035532951355,0.1302841454744339,0.8481357097625732,0.8469322919845581,0.5436643958091736,0.7919045090675354,0.7914972901344299,0.6169182062149048,0.45510977506637573,0.6390249729156494
2017,7,1826,0.7543269395828247,0.7542378306388855,1.1782723665237427,0.963706374168396,0.9632782936096191,0.2566426992416382,0.9948098659515381,0.9944453239440918,0.10943545401096344,0.9924851655960083,0.9922165870666504,0.12758296728134155,0.8795251250267029,0.8792985677719116,0.48174604773521423,0.7885696291923523,0.7880140542984009,0.6466603875160217,0.4431122839450836,0.6231332421302795
2017,8,1827,0.7336692214012146,0.7336515188217163,1.2352585792541504,0.9639153480529785,0.9640145301818848,0.2507476806640625,0.9933750629425049,0.9933896064758301,0.1172294020652771,0.9903884530067444,0.9904215931892395,0.14116401970386505,0.8909117579460144,0.8909482359886169,0.47374656796455383,0.8620033264160156,0.8611698746681213,0.5039528608322144,0.4459388554096222,0.6218600273132324
2017,9,1828,0.7261936664581299,0.7259143590927124,1.1959344148635864,0.961807131767273,0.961883544921875,0.2643842399120331,0.993638277053833,0.9936511516571045,0.11831089854240417,0.9911049604415894,0.9911423325538635,0.13997288048267365,0.8917080163955688,0.8919692635536194,0.4637395441532135,0.8387138247489929,0.8338611721992493,0.5635213851928711,0.4415203630924225,0.6315202713012695
2017,10,1829,0.7241939306259155,0.7240166068077087,1.1883598566055298,0.9627395868301392,0.9629369378089905,0.2587859332561493,0.9947144389152527,0.9944518804550171,0.1080356240272522,0.9924005270004272,0.9920046925544739,0.1286887675523758,0.9037715792655945,0.9040442705154419,0.4382801055908203,0.8760027289390564,0.8749262094497681,0.5195685029029846,0.41184356808662415,0.5787109136581421
2017,11,1830,0.7249482870101929,0.7244571447372437,1.2319718599319458,0.9624719023704529,0.962559700012207,0.2660561501979828,0.9953325986862183,0.9953006505966187,0.10083267837762833,0.9928527474403381,0.9928116798400879,0.12489166855812073,0.8948066234588623,0.8940425515174866,0.4359699785709381,0.8527669906616211,0.851464033126831,0.548557698726654,0.4522648751735687,0.6257343888282776
2017,12,1831,0.7320585250854492,0.732045590877533,1.2402088642120361,0.9634717106819153,0.9634522795677185,0.2647698223590851,0.9954331517219543,0.9954317808151245,0.09744317829608917,0.9936721324920654,0.9936724901199341,0.11478755623102188,0.8841717839241028,0.8846930265426636,0.4303629994392395,0.8761471509933472,0.8761402368545532,0.5030853152275085,0.4237184226512909,0.6041977405548096
2017,13,1832,0.6956474781036377,0.695713460445404,1.216715931892395,0.9590190649032593,0.9590937495231628,0.27469730377197266,0.9954147934913635,0.9953641891479492,0.10508959740400314,0.9934314489364624,0.9933223724365234,0.1257142871618271,0.8671671152114868,0.8674166202545166,0.4502567946910858,0.8493672609329224,0.8493902087211609,0.5485476851463318,0.4278489053249359,0.615199863910675
2017,14,1833,0.7115898728370667,0.7116250395774841,1.1802250146865845,0.9601395130157471,0.9602015614509583,0.27715787291526794,0.9940593838691711,0.9940482378005981,0.11978058516979218,0.9908931255340576,0.9908748269081116,0.14753276109695435,0.8672726154327393,0.8676316142082214,0.4728182554244995,0.8342115879058838,0.8342862725257874,0.5557683110237122,0.43403932452201843,0.6127300262451172
2017,15,1834,0.6981011033058167,0.6977934241294861,1.2252768278121948,0.9557582139968872,0.9557669758796692,0.2813433110713959,0.9939221739768982,0.9937911629676819,0.11111266165971756,0.9910443425178528,0.9909812211990356,0.13332396745681763,0.8543436527252197,0.8551024794578552,0.47601279616355896,0.8623457551002502,0.8593308925628662,0.4975726902484894,0.4238128066062927,0.627581775188446
2017,16,1835,0.7292482256889343,0.7292474508285522,1.240142583847046,0.9632220268249512,0.963168203830719,0.26260197162628174,0.9953654408454895,0.9953590631484985,0.10087810456752777,0.9931284785270691,0.9930503368377686,0.12140140682458878,0.8601340651512146,0.8609103560447693,0.4350884258747101,0.877637505531311,0.8767244815826416,0.46988314390182495,0.41830986738204956,0.601503312587738
2017,17,1836,0.7130823135375977,0.7130416631698608,1.2672392129898071,0.9644814729690552,0.9644059538841248,0.25844910740852356,0.9957349300384521,0.9957429766654968,0.09386389702558517,0.9936019778251648,0.9936068058013916,0.11338672041893005,0.8466694951057434,0.8470827341079712,0.476774126291275,0.8789284229278564,0.8790294528007507,0.49034470319747925,0.41344478726387024,0.6242589950561523
2017,18,1837,0.7275338768959045,0.7277161478996277,1.2951282262802124,0.9605400562286377,0.9605374932289124,0.2728036344051361,0.9947319030761719,0.9946233034133911,0.10172788053750992,0.9924476742744446,0.9923681616783142,0.12016095966100693,0.8829790949821472,0.8831999897956848,0.43513450026512146,0.8710668683052063,0.8709670901298523,0.4947618246078491,0.4278559684753418,0.6488479375839233
2017,19,1838,0.7124127149581909,0.712660014629364,1.3493716716766357,0.9608631134033203,0.9608485102653503,0.27250856161117554,0.9962314367294312,0.9961464405059814,0.08512530475854874,0.9940617680549622,0.9940342903137207,0.10501590371131897,0.8587924838066101,0.8586612939834595,0.47914382815361023,0.8679328560829163,0.8681069016456604,0.5119597911834717,0.4437170624732971,0.6655966639518738
2017,20,1839,0.7604105472564697,0.7601699233055115,1.235716700553894,0.9626767635345459,0.9627315998077393,0.26336756348609924,0.9963563084602356,0.9962732195854187,0.08360324054956436,0.9949707388877869,0.9948749542236328,0.09720787405967712,0.9206434488296509,0.9201861023902893,0.42454007267951965,0.8852172493934631,0.8852647542953491,0.4962861239910126,0.41725629568099976,0.6128161549568176
2017,21,1840,0.7461735606193542,0.7467746138572693,1.380229115486145,0.9705005288124084,0.9705083966255188,0.2490948885679245,0.9967555999755859,0.9967079758644104,0.09111034870147705,0.9951871037483215,0.9951057434082031,0.10684294253587723,0.9278834462165833,0.9279670119285583,0.39253970980644226,0.8815786838531494,0.8816269040107727,0.48933544754981995,0.43167951703071594,0.6190719604492188
2017,22,1841,0.7631035447120667,0.7632026672363281,1.2891381978988647,0.9669002890586853,0.9668768048286438,0.27275142073631287,0.9963991045951843,0.996406078338623,0.09732520580291748,0.9948142766952515,0.9948436617851257,0.11366674304008484,0.9123778939247131,0.9122821688652039,0.4377506375312805,0.8424364924430847,0.8423474431037903,0.5415061712265015,0.43761003017425537,0.614620566368103
2017,23,1842,0.7303134202957153,0.7311387062072754,1.2993297576904297,0.9721410274505615,0.9722022414207458,0.2475086748600006,0.994622528553009,0.9947187900543213,0.1053023412823677,0.9933199882507324,0.9934316277503967,0.11615884304046631,0.9053277969360352,0.9048354029655457,0.4392538070678711,0.8221286535263062,0.8186089992523193,0.5859938263893127,0.45427405834198,0.6416037678718567
2017,24,1843,0.7556039094924927,0.7563877701759338,1.2653344869613647,0.9736781120300293,0.9732696413993835,0.24833936989307404,0.9960800409317017,0.9960691332817078,0.09735309332609177,0.9948586821556091,0.9947817325592041,0.11072162538766861,0.9274150729179382,0.927988588809967,0.4066717028617859,0.8898980021476746,0.8895580172538757,0.496383935213089,0.4275766909122467,0.6318835020065308
2017,25,1844,0.7608199715614319,0.7615725994110107,1.2041698694229126,0.9759401082992554,0.9758105874061584,0.24104422330856323,0.9964390397071838,0.9963574409484863,0.10269497334957123,0.9950683116912842,0.994878888130188,0.11644090712070465,0.9139233231544495,0.9151269197463989,0.4452836513519287,0.8943671584129333,0.8929455280303955,0.4705308973789215,0.41165804862976074,0.6021131873130798
2017,26,1845,0.7622340321540833,0.7631644606590271,1.2014700174331665,0.974876880645752,0.9748435020446777,0.2471754401922226,0.9970323443412781,0.9969976544380188,0.09224945306777954,0.9956713318824768,0.9956302046775818,0.10662023723125458,0.9136205911636353,0.9137378334999084,0.45242494344711304,0.8819836378097534,0.8815385103225708,0.4871414303779602,0.40984493494033813,0.5885950922966003
2017,27,1846,0.793022632598877,0.793877363204956,1.2320538759231567,0.9746336340904236,0.9748245477676392,0.24351350963115692,0.9951367378234863,0.995226263999939,0.10138875991106033,0.9931463003158569,0.9932732582092285,0.11994229257106781,0.9135751128196716,0.9150369763374329,0.4553002119064331,0.8642157912254333,0.8638373613357544,0.5496019721031189,0.44156110286712646,0.6323214173316956
2017,28,1847,0.7407969832420349,0.7417803406715393,1.3981190919876099,0.9713939428329468,0.9716224670410156,0.2562118470668793,0.9939377903938293,0.9938209056854248,0.11251021921634674,0.9922187328338623,0.9923075437545776,0.12556862831115723,0.9073265194892883,0.9073396921157837,0.45868703722953796,0.8809561133384705,0.8809985518455505,0.487992525100708,0.45296889543533325,0.6610251069068909
2017,29,1848,0.7233034372329712,0.7241795063018799,1.317078948020935,0.9703050255775452,0.9705685973167419,0.2537713050842285,0.9956448674201965,0.9956761598587036,0.09529638290405273,0.9946078062057495,0.9947016835212708,0.10482107847929001,0.9075278043746948,0.9083347320556641,0.4512033462524414,0.8793409466743469,0.8773036003112793,0.5212959051132202,0.4121619760990143,0.6108385324478149
2017,30,1849,0.7312492728233337,0.7323501706123352,1.3056365251541138,0.9715887308120728,0.9714539647102356,0.2558750808238983,0.994615375995636,0.9947022199630737,0.11000680178403854,0.9929624795913696,0.993075430393219,0.12436007708311081,0.9027183651924133,0.9024444818496704,0.4461396634578705,0.8327314257621765,0.8335270881652832,0.5459586977958679,0.44655805826187134,0.6385262608528137
2017,31,1850,0.7327510714530945,0.7336917519569397,1.2929072380065918,0.9713366031646729,0.9714719653129578,0.24989715218544006,0.9966132044792175,0.996440589427948,0.08638802170753479,0.994749903678894,0.9946973919868469,0.10579317808151245,0.8973532319068909,0.8990553021430969,0.4819178283214569,0.8613379597663879,0.8602908849716187,0.5229215025901794,0.43145209550857544,0.6442217230796814
2017,32,1851,0.7219796776771545,0.7225420475006104,1.253887414932251,0.9724568724632263,0.9725378155708313,0.24388448894023895,0.9945271611213684,0.9945867657661438,0.10749877989292145,0.9919922351837158,0.9921101331710815,0.12992623448371887,0.9156237244606018,0.9171594977378845,0.4317312240600586,0.8761957883834839,0.8762097954750061,0.48321542143821716,0.4339072108268738,0.6277445554733276
2017,33,1852,0.7364780902862549,0.737352192401886,1.3728047609329224,0.9738375544548035,0.9736961126327515,0.24610716104507446,0.9966849088668823,0.9966182708740234,0.09760726988315582,0.9951004385948181,0.9949311017990112,0.1145191639661789,0.9141286611557007,0.9136756062507629,0.4576182961463928,0.8889517188072205,0.8872414231300354,0.5014464259147644,0.4298386573791504,0.6435171961784363
2017,34,1853,0.7066558599472046,0.7070998549461365,1.349141240119934,0.9684798717498779,0.9685061573982239,0.26468634605407715,0.9950591325759888,0.9950681924819946,0.10264585167169571,0.9932453632354736,0.9932975172996521,0.11979488283395767,0.8959351181983948,0.8956597447395325,0.4882861077785492,0.8616445660591125,0.8591123223304749,0.5449252724647522,0.4630136489868164,0.6829668879508972
2017,35,1854,0.7231633067131042,0.7236953377723694,1.375603199005127,0.9699442982673645,0.9698880910873413,0.25163689255714417,0.996084988117218,0.996068000793457,0.09181814640760422,0.9940070509910583,0.9940411448478699,0.11129570007324219,0.8772180676460266,0.8778896927833557,0.5140970349311829,0.8560697436332703,0.8559023141860962,0.5301006436347961,0.4522712528705597,0.684515655040741
2017,36,1855,0.7306589484214783,0.7307584881782532,1.3023076057434082,0.971942663192749,0.971892774105072,0.24327611923217773,0.9963230490684509,0.9963359236717224,0.09705028682947159,0.9945402145385742,0.9945298433303833,0.11375688761472702,0.8948123455047607,0.8943073749542236,0.46606147289276123,0.8455246686935425,0.8434069752693176,0.5663475394248962,0.44323474168777466,0.6458768248558044
2017,37,1856,0.7191522121429443,0.7192217707633972,1.2997820377349854,0.9628498554229736,0.9628444314002991,0.2717703878879547,0.992380678653717,0.9923079013824463,0.12384632974863052,0.9897462725639343,0.9896674752235413,0.14341853559017181,0.8650016188621521,0.8649980425834656,0.5332088470458984,0.8672453165054321,0.8674495816230774,0.5310205221176147,0.45783326029777527,0.6811205744743347
2017,38,1857,0.7478612661361694,0.7476496696472168,1.2412664890289307,0.9595921635627747,0.9595234990119934,0.2686418890953064,0.996292233467102,0.9958860278129578,0.09340330213308334,0.994077205657959,0.9936925172805786,0.1125495433807373,0.8927232027053833,0.8906250596046448,0.467079222202301,0.8775345087051392,0.8755277395248413,0.5271713733673096,0.440204918384552,0.6332982778549194
2017,39,1858,0.746574342250824,0.7466634511947632,1.2230838537216187,0.9641669392585754,0.9641663432121277,0.25035178661346436,0.9967050552368164,0.9967114329338074,0.07808643579483032,0.9944016933441162,0.9944032430648804,0.10095056891441345,0.8976606726646423,0.8975542783737183,0.42857369780540466,0.880262553691864,0.8789997696876526,0.5077497363090515,0.4195222556591034,0.5901566743850708
2017,40,1859,0.736264705657959,0.736128568649292,1.4168596267700195,0.955467164516449,0.955122172832489,0.2776167392730713,0.9955269694328308,0.9951333999633789,0.09690510481595993,0.9929680824279785,0.9925757646560669,0.1177825927734375,0.8999935388565063,0.9000492095947266,0.43415120244026184,0.8651703596115112,0.8638561964035034,0.5469143390655518,0.4600159227848053,0.6737424731254578
2017,41,1860,0.7184571623802185,0.7184538245201111,1.3156371116638184,0.9602031707763672,0.9601990580558777,0.2599509656429291,0.9960333704948425,0.9960278272628784,0.08175336569547653,0.9932060241699219,0.9932029247283936,0.10612837225198746,0.8168653845787048,0.8175315260887146,0.5353062152862549,0.8594933748245239,0.8586427569389343,0.48749467730522156,0.4403512477874756,0.6425216197967529
2017,42,1861,0.7193873524665833,0.7193791270256042,1.2644580602645874,0.9611873030662537,0.961185872554779,0.2514286935329437,0.9941101670265198,0.994101345539093,0.10078185051679611,0.9911870360374451,0.9911790490150452,0.12243106216192245,0.8123154044151306,0.8138113021850586,0.49334192276000977,0.8388604521751404,0.8388655185699463,0.5020209550857544,0.4519698917865753,0.6353061199188232
2017,43,1862,0.7379081845283508,0.7378697991371155,1.208452582359314,0.9561011791229248,0.9561208486557007,0.2613508999347687,0.9938101172447205,0.9935457110404968,0.10627491772174835,0.9905274510383606,0.9901309013366699,0.12918131053447723,0.8636671900749207,0.8644036650657654,0.44185298681259155,0.8391619920730591,0.8385993838310242,0.535626232624054,0.4467494487762451,0.630134642124176
2017,44,1863,0.7112600207328796,0.7111541628837585,1.2838575839996338,0.9561924338340759,0.9559123516082764,0.2625041604042053,0.9936408996582031,0.9936416745185852,0.1030454933643341,0.9909940361976624,0.9909933805465698,0.1217629462480545,0.8567562103271484,0.8578191995620728,0.48835793137550354,0.8675199151039124,0.86784428358078,0.4712064862251282,0.4218335449695587,0.6167219281196594
2017,45,1864,0.7244822382926941,0.7244230508804321,1.2638919353485107,0.9539791345596313,0.9539101123809814,0.2652728855609894,0.9932817816734314,0.9932516813278198,0.1049225926399231,0.9902902245521545,0.9902887940406799,0.12525832653045654,0.8674418330192566,0.8657793998718262,0.49924537539482117,0.8551286458969116,0.8537876009941101,0.552986741065979,0.47089406847953796,0.6683317422866821
2017,46,1865,0.7499284744262695,0.7499646544456482,1.3045638799667358,0.9510923624038696,0.9510502815246582,0.2642618417739868,0.9938795566558838,0.9936283230781555,0.10182099789381027,0.9913707375526428,0.9910471439361572,0.11967580020427704,0.8649089336395264,0.8650667667388916,0.5116550326347351,0.8784064054489136,0.8787009119987488,0.5643865466117859,0.4351363778114319,0.6118592023849487
2017,47,1866,0.7354068756103516,0.735261857509613,1.324789047241211,0.9453794360160828,0.945427417755127,0.2797769606113434,0.9929777979850769,0.9928721785545349,0.1065518781542778,0.989227294921875,0.9891054034233093,0.13098981976509094,0.8720682263374329,0.8730807900428772,0.4876580536365509,0.8841034173965454,0.8843780755996704,0.4962010681629181,0.4540216326713562,0.6416561603546143
2017,48,1867,0.7297177314758301,0.7296093702316284,1.3754887580871582,0.9509767293930054,0.9510114192962646,0.27042829990386963,0.9935793876647949,0.9935526847839355,0.10228561609983444,0.9903789758682251,0.9903704524040222,0.12410284578800201,0.896068274974823,0.8964414596557617,0.4340869188308716,0.8660042881965637,0.8663755655288696,0.5300156474113464,0.46743348240852356,0.6475694179534912
2017,49,1868,0.7399395704269409,0.7399566769599915,1.2796566486358643,0.9543381333351135,0.9542874097824097,0.2602373957633972,0.9943965077400208,0.994273841381073,0.09570813179016113,0.9918985962867737,0.9917479753494263,0.114108145236969,0.8891050815582275,0.8895623683929443,0.44767794013023376,0.8747195601463318,0.8714760541915894,0.5172778964042664,0.4424228370189667,0.6198734045028687
2017,50,1869,0.7305373549461365,0.7305646538734436,1.2658456563949585,0.9528717994689941,0.9528769254684448,0.2653121054172516,0.9922293424606323,0.992106020450592,0.11336001008749008,0.9886672496795654,0.9885520339012146,0.13518637418746948,0.9026209115982056,0.9005233645439148,0.4561726152896881,0.8466041684150696,0.8467476963996887,0.5453739166259766,0.4446374475955963,0.6143311262130737
2018,1,1872,0.741230845451355,0.7412197589874268,1.2881436347961426,0.9511672258377075,0.9508836269378662,0.2770922780036926,0.9936491847038269,0.993632972240448,0.10542794317007065,0.9909313321113586,0.9909253120422363,0.12564338743686676,0.8663480877876282,0.8668776750564575,0.5493975877761841,0.8654533624649048,0.864535391330719,0.5844741463661194,0.4696515202522278,0.6045403480529785
2018,2,1873,0.7621180415153503,0.7620916366577148,1.3131775856018066,0.9540134072303772,0.9540948271751404,0.26992031931877136,0.9914640784263611,0.9913602471351624,0.12537652254104614,0.9884544014930725,0.9882717132568359,0.1451302021741867,0.9072714447975159,0.9053230881690979,0.43199968338012695,0.8826160430908203,0.8823743462562561,0.49857297539711,0.43595999479293823,0.6034231781959534
2018,3,1874,0.7413307428359985,0.7412008047103882,1.376098394393921,0.9473563432693481,0.9473840594291687,0.29905614256858826,0.9944487810134888,0.9943972826004028,0.10275813192129135,0.9923866987228394,0.9923297762870789,0.1199880838394165,0.8763982653617859,0.8739854097366333,0.5054199695587158,0.8762235045433044,0.876240074634552,0.4968617260456085,0.44665688276290894,0.6747971773147583
2018,4,1875,0.7536733150482178,0.7536693215370178,1.2988510131835938,0.9438892006874084,0.944007933139801,0.302251935005188,0.9926716685295105,0.9922564625740051,0.12513622641563416,0.9893049001693726,0.9889554977416992,0.14746198058128357,0.8662876486778259,0.8672838807106018,0.5193105340003967,0.8433229923248291,0.839447021484375,0.554367184638977,0.4594403803348541,0.6760556101799011
2018,5,1876,0.7464754581451416,0.7465612292289734,1.3032151460647583,0.940280556678772,0.9398841857910156,0.3089456558227539,0.9928751587867737,0.9926000237464905,0.11990330368280411,0.9899047613143921,0.9895920753479004,0.140454962849617,0.8758959174156189,0.8749467730522156,0.5236780047416687,0.8493350148200989,0.8488193154335022,0.5464150309562683,0.4580731689929962,0.685152530670166
2018,6,1877,0.6775063872337341,0.6776739954948425,1.2580907344818115,0.9432270526885986,0.9433976411819458,0.29782724380493164,0.9887215495109558,0.9885185360908508,0.1499008685350418,0.985442042350769,0.9851500391960144,0.169537752866745,0.8920038938522339,0.8903146982192993,0.49275314807891846,0.8000726103782654,0.8000502586364746,0.6262193918228149,0.4941614866256714,0.6566442847251892
2018,7,1878,0.7104068398475647,0.7104063034057617,1.2638846635818481,0.9554480314254761,0.955498993396759,0.28249216079711914,0.9930807948112488,0.9930995106697083,0.11896444857120514,0.9909447431564331,0.9909680485725403,0.13598060607910156,0.8675472736358643,0.8672811388969421,0.4970042109489441,0.8190176486968994,0.8186508417129517,0.5857502222061157,0.45228099822998047,0.6186097264289856
2018,8,1879,0.7061372399330139,0.705995500087738,1.3431029319763184,0.9527352452278137,0.9530727863311768,0.3013383150100708,0.9955236315727234,0.9955341815948486,0.10096566379070282,0.9934128522872925,0.9934355616569519,0.1224493682384491,0.8609769940376282,0.8611019849777222,0.49500226974487305,0.8467921018600464,0.8456138968467712,0.5628615021705627,0.4492814540863037,0.6497447490692139
2018,9,1880,0.7073413729667664,0.7072807550430298,1.3514995574951172,0.9644528031349182,0.9646919965744019,0.2658597230911255,0.996123194694519,0.9961221814155579,0.09849312156438828,0.99427330493927,0.9942585229873657,0.12032146751880646,0.887664794921875,0.8879659175872803,0.4430273771286011,0.8637810945510864,0.8630093336105347,0.5178817510604858,0.43808332085609436,0.6206135153770447
2018,10,1881,0.6983563303947449,0.6978536248207092,1.2986055612564087,0.9580270051956177,0.9582751989364624,0.27584683895111084,0.9940178394317627,0.9939280152320862,0.11524534970521927,0.9917754530906677,0.9917875528335571,0.13299739360809326,0.8597437739372253,0.8586508631706238,0.48578888177871704,0.843165397644043,0.843633234500885,0.5614891052246094,0.4594179391860962,0.6680615544319153
2018,11,1882,0.6977550387382507,0.6979342103004456,1.2899866104125977,0.9566952586174011,0.9568646550178528,0.27903038263320923,0.9933280348777771,0.9931216239929199,0.12047991901636124,0.9906516075134277,0.9905761480331421,0.13958506286144257,0.8496756553649902,0.8497093319892883,0.5042762756347656,0.8158227205276489,0.8160495758056641,0.5762381553649902,0.4490649104118347,0.6398471593856812
2018,12,1883,0.7323765158653259,0.7325204610824585,1.219564437866211,0.9624837040901184,0.9625006318092346,0.2599231004714966,0.9953282475471497,0.995326042175293,0.0998615026473999,0.9921998381614685,0.9921724796295166,0.13014693558216095,0.8652502298355103,0.863844096660614,0.4642162621021271,0.8394284248352051,0.8394324779510498,0.5156539082527161,0.4293958842754364,0.5885744690895081
2018,13,1884,0.7397488355636597,0.7387560606002808,1.1796178817749023,0.9601958990097046,0.9602657556533813,0.26824960112571716,0.9954207539558411,0.9954219460487366,0.10094479471445084,0.993172824382782,0.9931331276893616,0.12394456565380096,0.8496285676956177,0.8496720790863037,0.457645982503891,0.8531422019004822,0.8505027890205383,0.5395461320877075,0.42966267466545105,0.6235632300376892
2018,14,1885,0.7438226938247681,0.7439031004905701,1.1613796949386597,0.9617936611175537,0.9607037305831909,0.263113796710968,0.9956216216087341,0.9952109456062317,0.09993959963321686,0.9934114813804626,0.99305260181427,0.11848825216293335,0.8384824395179749,0.8387719392776489,0.4816553294658661,0.8869060277938843,0.8869360685348511,0.4702923595905304,0.41341304779052734,0.6165480017662048
2018,15,1886,0.7209118604660034,0.7208755016326904,1.2547262907028198,0.9639374017715454,0.9639044404029846,0.2534978985786438,0.9957177639007568,0.9957027435302734,0.09369020909070969,0.9938227534294128,0.9938229918479919,0.11175303906202316,0.884317934513092,0.8821913003921509,0.3886550962924957,0.872155487537384,0.8695136308670044,0.4794664978981018,0.4034613370895386,0.5765936374664307
2018,16,1887,0.7281574606895447,0.7281582951545715,1.2266383171081543,0.9635036587715149,0.963286817073822,0.2629472315311432,0.9948318600654602,0.9948360323905945,0.10548262298107147,0.9924749135971069,0.9924059510231018,0.12723886966705322,0.8625012636184692,0.8639219403266907,0.45342209935188293,0.8758198022842407,0.8736806511878967,0.4728473722934723,0.4209206998348236,0.6188185214996338
2018,17,1888,0.7479862570762634,0.7479756474494934,1.1883491277694702,0.9606443643569946,0.9605587124824524,0.2654930353164673,0.9895567297935486,0.9889960885047913,0.15165294706821442,0.9865190982818604,0.9862434267997742,0.1668289452791214,0.8806087970733643,0.8788473010063171,0.43125998973846436,0.8785415887832642,0.8784399032592773,0.4748704731464386,0.42947742342948914,0.6439325213432312
2018,18,1889,0.7264122366905212,0.7263149619102478,1.1932835578918457,0.9563965201377869,0.9563977122306824,0.27983272075653076,0.9953576326370239,0.9952765703201294,0.09504520148038864,0.9928367137908936,0.9927986264228821,0.1150086522102356,0.863430380821228,0.8634350299835205,0.4797665476799011,0.8715084791183472,0.8715030550956726,0.4907074272632599,0.4196587800979614,0.5858302116394043
2018,19,1890,0.737214207649231,0.737449586391449,1.3473800420761108,0.964699923992157,0.9646995663642883,0.2630723714828491,0.9962596297264099,0.9962936043739319,0.08546348661184311,0.9946690201759338,0.9946872591972351,0.10194090008735657,0.8802121877670288,0.8785881400108337,0.43417030572891235,0.8373422026634216,0.8347726464271545,0.5461261868476868,0.43820303678512573,0.6510055065155029
2018,20,1891,0.748177170753479,0.7484845519065857,1.3079560995101929,0.9645417332649231,0.9645925760269165,0.26433560252189636,0.9947257041931152,0.9947496652603149,0.10015207529067993,0.9930277466773987,0.9930864572525024,0.11354810744524002,0.8785462975502014,0.8782675266265869,0.4585837423801422,0.8520942330360413,0.8522344827651978,0.5168980360031128,0.44692957401275635,0.6572536826133728
2018,21,1892,0.7680569291114807,0.7683539986610413,1.3347365856170654,0.9662973284721375,0.9663935899734497,0.25982993841171265,0.9945722222328186,0.9943975806236267,0.10390348732471466,0.99322509765625,0.9931144714355469,0.11413265019655228,0.8834444880485535,0.8834782242774963,0.4738185703754425,0.8621033430099487,0.8606582283973694,0.4962424337863922,0.46597617864608765,0.6856043934822083
2018,22,1893,0.7647414803504944,0.7651761174201965,1.3287081718444824,0.9698411226272583,0.9699710011482239,0.25320351123809814,0.9948006272315979,0.9948268532752991,0.10012654960155487,0.9937692284584045,0.9938138723373413,0.10810790210962296,0.9059855341911316,0.9063121676445007,0.45872464776039124,0.853190004825592,0.8530991673469543,0.5159860849380493,0.4568706750869751,0.6579796671867371
2018,23,1894,0.7387212514877319,0.7390093803405762,1.239522099494934,0.9690718650817871,0.969297468662262,0.2492111772298813,0.9951043725013733,0.9949454665184021,0.09865616261959076,0.9936587810516357,0.9935509562492371,0.11059803515672684,0.885354220867157,0.8868129253387451,0.5094740986824036,0.8505697846412659,0.8504771590232849,0.5537419319152832,0.4335624575614929,0.6377878785133362
2018,24,1895,0.7485155463218689,0.7493904232978821,1.226928472518921,0.969697117805481,0.9695512056350708,0.25828275084495544,0.9952447414398193,0.9952593445777893,0.10296814888715744,0.9935457706451416,0.993592381477356,0.11699122935533524,0.9073287844657898,0.9101856350898743,0.4539124667644501,0.8429200053215027,0.8428062200546265,0.5284419059753418,0.4212355315685272,0.61875319480896
2018,25,1896,0.7399151921272278,0.741351306438446,1.2911356687545776,0.9715530276298523,0.9715173840522766,0.2559625804424286,0.9963765144348145,0.9962989687919617,0.0960187315940857,0.9952629208564758,0.995186448097229,0.10719865560531616,0.8914265632629395,0.8933236598968506,0.474061518907547,0.8594048023223877,0.8593222498893738,0.525701642036438,0.4291921854019165,0.634147047996521
2018,26,1897,0.8038201332092285,0.8043671250343323,1.1912754774093628,0.9776571393013,0.977533221244812,0.23986659944057465,0.9967122077941895,0.9966595768928528,0.10109792649745941,0.9955002665519714,0.9953615665435791,0.11377036571502686,0.91581791639328,0.9114380478858948,0.42185166478157043,0.8993207812309265,0.898004412651062,0.4826918840408325,0.403233140707016,0.5936015844345093
2018,27,1898,0.7933357954025269,0.7941736578941345,1.2753815650939941,0.9723749160766602,0.9725692272186279,0.2523409426212311,0.9950107932090759,0.9949129819869995,0.10363242775201797,0.993543803691864,0.9935802817344666,0.11622296273708344,0.9016777873039246,0.9011975526809692,0.4474572539329529,0.8816379308700562,0.8818744421005249,0.5146405100822449,0.4414452016353607,0.6298995614051819
2018,28,1899,0.752085268497467,0.7524023056030273,1.2538816928863525,0.9696770310401917,0.9698721170425415,0.25471505522727966,0.9924905300140381,0.9918356537818909,0.13327495753765106,0.9912160634994507,0.990898609161377,0.14168931543827057,0.8968490362167358,0.8979449272155762,0.47977331280708313,0.8931925296783447,0.8933293223381042,0.48144668340682983,0.4411659836769104,0.630965530872345
2018,29,1900,0.7443131804466248,0.7454791069030762,1.2641026973724365,0.9665071964263916,0.966709315776825,0.2682875692844391,0.9942889213562012,0.9943820834159851,0.10622245073318481,0.9928203821182251,0.9929566979408264,0.11865155398845673,0.9157800078392029,0.9165676832199097,0.4566946029663086,0.8344011902809143,0.8322595953941345,0.5475751161575317,0.44572415947914124,0.638426661491394
2018,30,1901,0.7396402955055237,0.7411295771598816,1.3093345165252686,0.9719188213348389,0.9721134901046753,0.24296775460243225,0.994917631149292,0.9943529367446899,0.11452275514602661,0.9931695461273193,0.9926788806915283,0.12936106324195862,0.9311572313308716,0.9331514239311218,0.4027133882045746,0.8618600964546204,0.8616678714752197,0.5275105237960815,0.4472021460533142,0.6424962282180786
2018,31,1902,0.7433490753173828,0.7442980408668518,1.2688226699829102,0.972976565361023,0.973179817199707,0.23664987087249756,0.9967739582061768,0.996619462966919,0.08290820568799973,0.9951525926589966,0.995096743106842,0.09948178380727768,0.9292576909065247,0.9313461780548096,0.41400274634361267,0.8977574706077576,0.8978044390678406,0.46958330273628235,0.41114526987075806,0.5760166645050049
2018,32,1903,0.7349938750267029,0.735851526260376,1.2875010967254639,0.9724904298782349,0.9725590944290161,0.24898257851600647,0.9966773986816406,0.9966821074485779,0.08768944442272186,0.9951127171516418,0.9951175451278687,0.10474195331335068,0.9215497374534607,0.9224765300750732,0.4343155324459076,0.8871386647224426,0.8871630430221558,0.4861126244068146,0.41154196858406067,0.6007630825042725
2018,33,1904,0.7396492958068848,0.7402141690254211,1.2359336614608765,0.9750110507011414,0.9745553135871887,0.2441326230764389,0.9973685145378113,0.9973322153091431,0.08789993077516556,0.9960982799530029,0.9960659742355347,0.10316517949104309,0.931707501411438,0.9317134022712708,0.39359980821609497,0.8778703808784485,0.8765577673912048,0.49851104617118835,0.4071927070617676,0.5730494856834412
2018,34,1905,0.68292635679245,0.683340847492218,1.3551989793777466,0.9664928317070007,0.9665051698684692,0.2728216052055359,0.9963104724884033,0.9963172674179077,0.08938723802566528,0.9940018057823181,0.994042158126831,0.11385102570056915,0.9015737175941467,0.9017786383628845,0.4569590985774994,0.8754734396934509,0.8764471411705017,0.5325880646705627,0.4499915540218353,0.6210765242576599
2018,35,1906,0.7172471880912781,0.7174438238143921,1.302146315574646,0.9717299938201904,0.971683144569397,0.24585042893886566,0.995782196521759,0.9958033561706543,0.0965326800942421,0.9936556220054626,0.9936883449554443,0.11791671812534332,0.8826526999473572,0.8828415274620056,0.47921207547187805,0.827055811882019,0.8259174823760986,0.5734491348266602,0.44069522619247437,0.6383389234542847
2018,36,1907,0.713194727897644,0.7135059833526611,1.2647697925567627,0.9691251516342163,0.9690629839897156,0.2507960796356201,0.9959931373596191,0.9959978461265564,0.09086443483829498,0.9941452741622925,0.9941667318344116,0.10959334671497345,0.9140807390213013,0.9140945076942444,0.4050407409667969,0.8441200852394104,0.8434256315231323,0.5553222298622131,0.4246276021003723,0.5938128232955933
2018,37,1908,0.7002484202384949,0.7005579471588135,1.4358733892440796,0.9610081315040588,0.9609891772270203,0.2814311683177948,0.9947332739830017,0.9946655035018921,0.10264328122138977,0.9923546314239502,0.9922916889190674,0.12321244925260544,0.8762388825416565,0.8762086629867554,0.49064430594444275,0.8120920062065125,0.8106556534767151,0.5715119242668152,0.4725624620914459,0.7148725986480713
2018,38,1909,0.6639078259468079,0.6639119386672974,1.427546501159668,0.955845832824707,0.9555745720863342,0.28917354345321655,0.9941896796226501,0.993976891040802,0.1075977087020874,0.9910662174224854,0.9908605813980103,0.13204063475131989,0.8717522621154785,0.870803952217102,0.5312188863754272,0.8740454316139221,0.8744747042655945,0.5278246998786926,0.44657275080680847,0.6452469229698181
2018,39,1910,0.6983312964439392,0.6982856392860413,1.3836891651153564,0.9604808688163757,0.9604392051696777,0.26604896783828735,0.993752121925354,0.9934476613998413,0.1123289093375206,0.9911644458770752,0.9907768368721008,0.1317933201789856,0.8962409496307373,0.8962063193321228,0.461908221244812,0.8605345487594604,0.8605265617370605,0.5084437727928162,0.44783249497413635,0.6475145816802979
2018,40,1911,0.7306645512580872,0.7306638956069946,1.2555105686187744,0.9551692605018616,0.9550120234489441,0.27982965111732483,0.9952314496040344,0.9951664209365845,0.09235028922557831,0.9929369688034058,0.9928405284881592,0.11190716177225113,0.8666748404502869,0.866868793964386,0.4918448328971863,0.8003547191619873,0.8002212643623352,0.5778281092643738,0.4550035893917084,0.6430934071540833
2018,41,1912,0.7174160480499268,0.7173789739608765,1.2952860593795776,0.9555484056472778,0.955579400062561,0.2701011002063751,0.9964370727539062,0.9962224364280701,0.08358077704906464,0.9937556385993958,0.9935126900672913,0.1071498692035675,0.8640706539154053,0.8645102977752686,0.4851776957511902,0.8683388829231262,0.8678194880485535,0.48727115988731384,0.43776780366897583,0.6376675963401794
2018,42,1913,0.7400607466697693,0.7397995591163635,1.307439923286438,0.9548115730285645,0.9544885754585266,0.27599623799324036,0.9944609999656677,0.9944581389427185,0.09706617146730423,0.9917693734169006,0.9917640089988708,0.1175965666770935,0.8510105609893799,0.8518199920654297,0.46402767300605774,0.8320512771606445,0.8297998905181885,0.5404077172279358,0.45623454451560974,0.6568516492843628
2018,43,1914,0.7330667972564697,0.7330546379089355,1.270117163658142,0.9593011140823364,0.9592761993408203,0.26434797048568726,0.9953795075416565,0.9953619241714478,0.08876994252204895,0.9925211071968079,0.9924523234367371,0.11194544285535812,0.8364545702934265,0.8388599157333374,0.489021897315979,0.8798165917396545,0.8782150149345398,0.4862639009952545,0.4254053235054016,0.6082897782325745
2018,44,1915,0.7536057233810425,0.7536050081253052,1.2163231372833252,0.9618014693260193,0.9609357714653015,0.2513512372970581,0.9951758980751038,0.9948564171791077,0.10234963148832321,0.9923739433288574,0.9919848442077637,0.12512406706809998,0.8747119307518005,0.873687207698822,0.43845614790916443,0.8785116672515869,0.8763589262962341,0.5031440258026123,0.4106445610523224,0.6050029993057251
2018,45,1916,0.7343577146530151,0.7344197034835815,1.2889612913131714,0.9538193345069885,0.9539395570755005,0.2595010995864868,0.9936212301254272,0.9934646487236023,0.1055603176355362,0.9916177988052368,0.9914522171020508,0.11974409967660904,0.876708447933197,0.8759150505065918,0.5181968808174133,0.8548251986503601,0.8546116948127747,0.5680304765701294,0.43521299958229065,0.6225262880325317
2018,46,1917,0.7482240200042725,0.748166024684906,1.2812466621398926,0.9503509402275085,0.9504159688949585,0.2705760896205902,0.9924441576004028,0.9924343228340149,0.11348708719015121,0.9895481467247009,0.9895309805870056,0.13216207921504974,0.8846375346183777,0.885402500629425,0.4452579915523529,0.8419433236122131,0.8419681787490845,0.5570933222770691,0.45205438137054443,0.5971071124076843
2018,47,1918,0.7520182132720947,0.7520073056221008,1.2305083274841309,0.9538903832435608,0.9536856412887573,0.26188138127326965,0.9928953051567078,0.9927639961242676,0.10895149409770966,0.9891180396080017,0.9889219999313354,0.1341787576675415,0.8740065097808838,0.8746548295021057,0.4765448570251465,0.8711807131767273,0.8695001006126404,0.5046530365943909,0.4250301718711853,0.6069608926773071
2018,48,1919,0.7629173994064331,0.7627023458480835,1.3536038398742676,0.9509192705154419,0.9509444236755371,0.2686210870742798,0.9932420253753662,0.9927387237548828,0.10925991833209991,0.9902477264404297,0.9896849989891052,0.12892593443393707,0.8653664588928223,0.8660233020782471,0.5410933494567871,0.8944739103317261,0.8929877877235413,0.5198369026184082,0.4477713108062744,0.6468451619148254
2018,49,1920,0.7692471146583557,0.7692575454711914,1.1905100345611572,0.9599946141242981,0.9599499702453613,0.24907426536083221,0.99400794506073,0.993952751159668,0.09802457690238953,0.9917649030685425,0.9917177557945251,0.11397267132997513,0.9113029837608337,0.9112066626548767,0.44267767667770386,0.9074424505233765,0.907048225402832,0.442650705575943,0.40536460280418396,0.5976726412773132
2018,50,1921,0.7842457890510559,0.7842465043067932,1.2300091981887817,0.9603031277656555,0.9602825045585632,0.24302352964878082,0.9928935766220093,0.992900013923645,0.10942582786083221,0.9900851845741272,0.9900904893875122,0.1280815303325653,0.8972132802009583,0.8949609398841858,0.4632168710231781,0.8319419026374817,0.8287810683250427,0.5956918597221375,0.452921986579895,0.6454194784164429
2019,1,1924,0.7590528726577759,0.7589923143386841,1.2524914741516113,0.9576074481010437,0.9576696753501892,0.2593315541744232,0.9946807026863098,0.9946766495704651,0.09832952916622162,0.9925609827041626,0.992579460144043,0.11508874595165253,0.9315985441207886,0.9316195249557495,0.4065293073654175,0.9083828926086426,0.9083041548728943,0.42665255069732666,0.39838308095932007,0.5834187269210815
2019,2,1925,0.7226068377494812,0.722533106803894,1.402689814567566,0.9540511965751648,0.9540334343910217,0.275797575712204,0.9951707124710083,0.9951807260513306,0.09612376242876053,0.9929874539375305,0.9930129051208496,0.11447227001190186,0.9117702841758728,0.9113673567771912,0.4657875597476959,0.8788365125656128,0.875569224357605,0.47610294818878174,0.4458165168762207,0.6721920967102051
2019,3,1926,0.7606860399246216,0.7606947422027588,1.3347268104553223,0.9648972749710083,0.9649726152420044,0.25529852509498596,0.9938861727714539,0.9939071536064148,0.10961092263460159,0.9914957880973816,0.9915288686752319,0.12897184491157532,0.9147911667823792,0.914706826210022,0.42354363203048706,0.8446513414382935,0.8448101878166199,0.5431784987449646,0.44149643182754517,0.6322124600410461
2019,4,1927,0.7527978420257568,0.7525672316551208,1.475658655166626,0.9667667746543884,0.9668399691581726,0.24628031253814697,0.9931929707527161,0.9932022094726562,0.11555035412311554,0.9899513721466064,0.9899947047233582,0.1402728408575058,0.8970008492469788,0.8965852856636047,0.4623715877532959,0.8665757775306702,0.8664347529411316,0.5035280585289001,0.4696994721889496,0.6926706433296204
2019,5,1928,0.6968553066253662,0.696858286857605,1.4324922561645508,0.9584917426109314,0.9585361480712891,0.27293968200683594,0.9942585229873657,0.9941357970237732,0.10842001438140869,0.9921574592590332,0.9921334385871887,0.12421534955501556,0.8811886310577393,0.8821924924850464,0.4847356081008911,0.8558276295661926,0.8547883033752441,0.5276631712913513,0.4667099714279175,0.728712260723114
2019,6,1929,0.7012060880661011,0.7011852264404297,1.3836859464645386,0.9595866799354553,0.9596981406211853,0.2668316662311554,0.9947917461395264,0.9946644306182861,0.10256651788949966,0.9923287630081177,0.9922530055046082,0.12282897531986237,0.8911832571029663,0.8916260004043579,0.4593077600002289,0.8492307662963867,0.846400260925293,0.4921024739742279,0.44847753643989563,0.668143093585968
2019,7,1930,0.7278414964675903,0.7278533577919006,1.2553812265396118,0.9603760242462158,0.9603581428527832,0.26429077982902527,0.9947431087493896,0.9942632913589478,0.11199016869068146,0.9921482801437378,0.9916737675666809,0.1308331936597824,0.8926003575325012,0.8920949101448059,0.486748069524765,0.8796570301055908,0.8790692090988159,0.4808417558670044,0.42318758368492126,0.6286733150482178
2019,8,1931,0.7477620840072632,0.7477454543113708,1.23384690284729,0.9560474753379822,0.9560770988464355,0.283542662858963,0.9959564805030823,0.995920717716217,0.09124457836151123,0.9936903119087219,0.9936835169792175,0.11179298162460327,0.8939188122749329,0.8938271403312683,0.4455971419811249,0.8869516849517822,0.8867489099502563,0.5046044588088989,0.43091118335723877,0.6274803876876831
2019,9,1932,0.7168959975242615,0.7169845700263977,1.396384358406067,0.9621143937110901,0.9622737169265747,0.2769557237625122,0.9960604906082153,0.9960458278656006,0.10006536543369293,0.9940187335014343,0.9939880967140198,0.12334544211626053,0.8923286199569702,0.8915860652923584,0.4307573437690735,0.8881672024726868,0.8870117664337158,0.4798598289489746,0.4309636056423187,0.6309953331947327
2019,10,1933,0.6936576962471008,0.6935964226722717,1.3978451490402222,0.9600753784179688,0.9602996706962585,0.2765696346759796,0.9956390261650085,0.995561420917511,0.09924085438251495,0.9934438467025757,0.9934271574020386,0.12120789289474487,0.8905854225158691,0.8914040327072144,0.4656532108783722,0.8721371293067932,0.8721023201942444,0.5047658085823059,0.4416126310825348,0.651699960231781
2019,11,1934,0.7181349992752075,0.7182016372680664,1.3003422021865845,0.9636977314949036,0.9638287425041199,0.2588880658149719,0.9939432144165039,0.9938271045684814,0.1142086610198021,0.9912348389625549,0.9911153316497803,0.13730625808238983,0.9064418077468872,0.9065501689910889,0.4239315092563629,0.8623460531234741,0.860166609287262,0.5197982788085938,0.43724480271339417,0.6253682971000671
2019,12,1935,0.7347849011421204,0.7348204255104065,1.2085291147232056,0.9630687236785889,0.963159441947937,0.260793000459671,0.994289219379425,0.9941533207893372,0.11067488044500351,0.9922568202018738,0.9921523332595825,0.12802670896053314,0.892503559589386,0.8937284350395203,0.44823014736175537,0.8494634032249451,0.8495723009109497,0.560853123664856,0.4294092357158661,0.6114835739135742
2019,13,1936,0.7280111312866211,0.7279285192489624,1.2008616924285889,0.963843822479248,0.9635747671127319,0.25911566615104675,0.9952355623245239,0.995116114616394,0.10807554423809052,0.9925816655158997,0.992388904094696,0.13496199250221252,0.9013015627861023,0.9003029465675354,0.3947775363922119,0.8612706065177917,0.8608378767967224,0.5068857669830322,0.4221620261669159,0.5983825325965881
2019,14,1937,0.7447672486305237,0.7447435855865479,1.194287657737732,0.9609889984130859,0.9610674977302551,0.2638872563838959,0.9940674901008606,0.9940300583839417,0.10945115983486176,0.9920621514320374,0.992062509059906,0.12562602758407593,0.8595306873321533,0.8609375357627869,0.45795875787734985,0.8754690885543823,0.8755854368209839,0.5013260245323181,0.434207558631897,0.6461405158042908
2019,15,1938,0.7213069796562195,0.7213085889816284,1.3517251014709473,0.963028073310852,0.9629566669464111,0.2588191628456116,0.995913565158844,0.9958962202072144,0.09295124560594559,0.9938498139381409,0.9938493371009827,0.11349792778491974,0.8899484872817993,0.8900392651557922,0.41459155082702637,0.8795231580734253,0.8798964023590088,0.4713533818721771,0.431252121925354,0.6290204524993896
2019,16,1939,0.7226552367210388,0.7226600050926208,1.319616675376892,0.9573602676391602,0.957362711429596,0.2815988063812256,0.9949854016304016,0.9948958158493042,0.10035195201635361,0.9924837350845337,0.9924121499061584,0.12182232737541199,0.857761800289154,0.8558902740478516,0.508385956287384,0.853894829750061,0.8546270132064819,0.5421068072319031,0.4600208103656769,0.6895445585250854
2019,17,1940,0.6759738326072693,0.6759539246559143,1.3893942832946777,0.9540733695030212,0.9540618062019348,0.29519274830818176,0.9941962361335754,0.9942182898521423,0.11227697879076004,0.9921877980232239,0.9922106266021729,0.1293664425611496,0.8689594268798828,0.8690028190612793,0.4738110899925232,0.8809522986412048,0.8813806176185608,0.49227240681648254,0.4439171254634857,0.6425790786743164
2019,18,1941,0.7159305810928345,0.7157895565032959,1.234350562095642,0.9577162265777588,0.9576485753059387,0.2836415767669678,0.9950215816497803,0.9950428009033203,0.10110815614461899,0.9926679730415344,0.9926751255989075,0.1219814121723175,0.8852753639221191,0.8850576281547546,0.4420916438102722,0.8527926206588745,0.8532518148422241,0.5023069381713867,0.42923739552497864,0.6413503885269165
2019,19,1942,0.6967735290527344,0.6967471241950989,1.3394813537597656,0.958236813545227,0.9582189321517944,0.28517916798591614,0.994380533695221,0.9944271445274353,0.10884527862071991,0.9922676086425781,0.9923083186149597,0.12665429711341858,0.8819521069526672,0.8818780183792114,0.4354170858860016,0.8236426115036011,0.8239905834197998,0.5370655059814453,0.4594027101993561,0.6360976696014404
2019,20,1943,0.742055356502533,0.7424167394638062,1.2264981269836426,0.9650429487228394,0.9649803042411804,0.2601184546947479,0.9963909983634949,0.9964038729667664,0.08537271618843079,0.9947547316551208,0.9947494268417358,0.10261590778827667,0.9011870622634888,0.9012543559074402,0.43531882762908936,0.8623889088630676,0.861993670463562,0.48548370599746704,0.42593488097190857,0.6028638482093811
2019,21,1944,0.726466178894043,0.7276461124420166,1.3453611135482788,0.9662997722625732,0.9659621715545654,0.2644711434841156,0.9958964586257935,0.9959284663200378,0.10168159008026123,0.9944456815719604,0.9945187568664551,0.11506526172161102,0.8823904395103455,0.8813425302505493,0.4521275460720062,0.8726356625556946,0.8709626793861389,0.4823641777038574,0.44795942306518555,0.6841660737991333
2019,22,1945,0.7310528755187988,0.7316331267356873,1.3531240224838257,0.9650067687034607,0.9651581645011902,0.27135565876960754,0.9957846999168396,0.9958503842353821,0.09868174046278,0.9942981004714966,0.9943844676017761,0.11395741254091263,0.8902353644371033,0.8899239301681519,0.4541011452674866,0.8748734593391418,0.8731232285499573,0.5008848905563354,0.45387738943099976,0.7158047556877136
2019,23,1946,0.7318969964981079,0.7327630519866943,1.3181325197219849,0.9690704345703125,0.9692299365997314,0.2605316638946533,0.99636310338974,0.9963874816894531,0.09057694673538208,0.9951632022857666,0.9951668977737427,0.10322859138250351,0.904170572757721,0.9024258852005005,0.4262150526046753,0.8708696961402893,0.8704620599746704,0.49345964193344116,0.4265598654747009,0.6450061202049255
2019,24,1947,0.71518874168396,0.7163193225860596,1.4081895351409912,0.9664191007614136,0.9666948318481445,0.2690509259700775,0.9950646162033081,0.9950271248817444,0.10011404752731323,0.9935421347618103,0.9936127066612244,0.11283507943153381,0.9042194485664368,0.9042475819587708,0.4390213191509247,0.85756516456604,0.8561820983886719,0.5461629033088684,0.45470115542411804,0.6926236748695374
2019,25,1948,0.7292992472648621,0.7303701639175415,1.3465490341186523,0.9683634638786316,0.9687032699584961,0.2591296434402466,0.9965587854385376,0.9966272115707397,0.08205477893352509,0.9951972961425781,0.995301365852356,0.09641829133033752,0.8921594023704529,0.8937990069389343,0.4833441376686096,0.8221689462661743,0.8200583457946777,0.5946282148361206,0.44624027609825134,0.6515753269195557
2019,26,1949,0.7769119739532471,0.7771509289741516,1.265219807624817,0.967698335647583,0.9680829644203186,0.26331207156181335,0.9937290549278259,0.9937726855278015,0.11087208986282349,0.9914904236793518,0.9915857911109924,0.1282828152179718,0.9093673825263977,0.911800742149353,0.4704059660434723,0.8416150212287903,0.8415964245796204,0.5174051523208618,0.4446443021297455,0.6397884488105774
2019,27,1950,0.7092264890670776,0.7110442519187927,1.360034704208374,0.969559371471405,0.9696674346923828,0.2626603841781616,0.9933596253395081,0.9934351444244385,0.13057918846607208,0.9916964769363403,0.9917557239532471,0.1420770138502121,0.8962481617927551,0.8979324698448181,0.4724140465259552,0.8348615169525146,0.8347327709197998,0.5439631342887878,0.4540765881538391,0.6820339560508728
2019,28,1951,0.7465625405311584,0.7470162510871887,1.2572940587997437,0.970283567905426,0.9706096053123474,0.25264471769332886,0.9955783486366272,0.995543897151947,0.09628323465585709,0.9945439696311951,0.9946349859237671,0.10579578578472137,0.9126927256584167,0.9129739999771118,0.4557183086872101,0.8512786626815796,0.8491340279579163,0.5556649565696716,0.4329729974269867,0.6166989207267761
2019,29,1952,0.7900072932243347,0.790648877620697,1.2741161584854126,0.972621738910675,0.9725887775421143,0.2595028281211853,0.9952247142791748,0.9950460195541382,0.12999866902828217,0.9940273761749268,0.9938377141952515,0.13873513042926788,0.9136989712715149,0.9152398705482483,0.45370709896087646,0.8600078821182251,0.8596494793891907,0.5136004090309143,0.4374404549598694,0.6356594562530518
2019,30,1953,0.7847478985786438,0.7857025861740112,1.3376470804214478,0.9720759391784668,0.9722548127174377,0.25016921758651733,0.995719850063324,0.9956185221672058,0.09680487215518951,0.9941598773002625,0.9940661787986755,0.1129012480378151,0.9174290895462036,0.9189315438270569,0.4490393400192261,0.8618546724319458,0.8617975115776062,0.5348985195159912,0.4526093006134033,0.6969851851463318
2019,31,1954,0.7239253520965576,0.7249597907066345,1.263097882270813,0.9688026905059814,0.9690138101577759,0.26693418622016907,0.9951640963554382,0.9952320456504822,0.10543881356716156,0.9935246109962463,0.9936302900314331,0.12024499475955963,0.9003139138221741,0.902293860912323,0.48734772205352783,0.8553944826126099,0.8550103902816772,0.5217200517654419,0.4334864914417267,0.65321284532547
2019,32,1955,0.7227297425270081,0.7235885858535767,1.2972291707992554,0.9718219041824341,0.9718270301818848,0.24651020765304565,0.9955043792724609,0.9948385953903198,0.10657213628292084,0.9931755661964417,0.9924854040145874,0.12835896015167236,0.9113808274269104,0.9131975769996643,0.45068466663360596,0.862882137298584,0.8631318211555481,0.5185479521751404,0.4370185434818268,0.6398381590843201
2019,33,1956,0.7316456437110901,0.7322941422462463,1.2741200923919678,0.9683072566986084,0.96844083070755,0.25550055503845215,0.9963158965110779,0.9962377548217773,0.08785474300384521,0.9940157532691956,0.9940294623374939,0.11047113686800003,0.9012816548347473,0.9025087356567383,0.4653831720352173,0.8549159169197083,0.8545870184898376,0.5076832175254822,0.4366839528083801,0.6280998587608337
2019,34,1957,0.7413872480392456,0.7421478629112244,1.3378260135650635,0.9674259424209595,0.9675182700157166,0.2533494234085083,0.9972174763679504,0.9971747994422913,0.07554540783166885,0.9957020282745361,0.9956973195075989,0.09341678768396378,0.9102206230163574,0.910302460193634,0.45529696345329285,0.8702874779701233,0.8669044971466064,0.5138844847679138,0.42889633774757385,0.6467132568359375
2019,35,1958,0.7239131927490234,0.7244455218315125,1.413381576538086,0.9640040993690491,0.9640247225761414,0.26828715205192566,0.9962067008018494,0.9962323307991028,0.09612585604190826,0.9937039017677307,0.9937174916267395,0.12038969993591309,0.893126368522644,0.893751859664917,0.5079683661460876,0.8141717910766602,0.8138443231582642,0.5997047424316406,0.4569673538208008,0.6562216281890869
2019,36,1959,0.6953052282333374,0.6956385374069214,1.430230736732483,0.9626619815826416,0.9619131684303284,0.2686576843261719,0.9961894154548645,0.9962120056152344,0.09290086477994919,0.9946381449699402,0.994654655456543,0.10778141766786575,0.8826971054077148,0.8830211162567139,0.5151901841163635,0.8761056661605835,0.8755446076393127,0.5135592222213745,0.4462640881538391,0.6567285656929016
2019,37,1960,0.6891446113586426,0.6887136101722717,1.3058024644851685,0.9627193212509155,0.962624728679657,0.2667902112007141,0.9945876598358154,0.9945733547210693,0.10698828846216202,0.9925699830055237,0.9925738573074341,0.12358329445123672,0.9086923003196716,0.9092695713043213,0.42933639883995056,0.8600767850875854,0.8591282963752747,0.5042223334312439,0.4300881326198578,0.6089016199111938
2019,38,1961,0.6979790925979614,0.6979030966758728,1.289953589439392,0.9577817916870117,0.9577504992485046,0.2729948163032532,0.9947746396064758,0.9946197867393494,0.1010742038488388,0.9918400049209595,0.9917404651641846,0.12489943206310272,0.8690276741981506,0.8691492080688477,0.5132880210876465,0.8670213222503662,0.8670198321342468,0.5457505583763123,0.43892210721969604,0.6220921874046326
2019,39,1962,0.7059326767921448,0.7058930993080139,1.238098382949829,0.9618112444877625,0.961812436580658,0.2563372254371643,0.9958019256591797,0.9957792162895203,0.087796151638031,0.9928511381149292,0.9928526878356934,0.11402672529220581,0.8779190182685852,0.877395510673523,0.4588641822338104,0.8311704397201538,0.8299822211265564,0.5537435412406921,0.4312777519226074,0.603712797164917
2019,40,1963,0.7431349754333496,0.7431451082229614,1.209972858428955,0.9637306928634644,0.9636752009391785,0.24813832342624664,0.9959914684295654,0.9959775805473328,0.08518123626708984,0.9937531352043152,0.9937425255775452,0.10575812309980392,0.8787441849708557,0.8776875138282776,0.44322776794433594,0.8687194585800171,0.8683266043663025,0.48784324526786804,0.40550071001052856,0.5977783799171448
2019,41,1964,0.7023475766181946,0.7022483944892883,1.3369569778442383,0.9559961557388306,0.9559423327445984,0.26812446117401123,0.995816707611084,0.9956269860267639,0.087137371301651,0.9926682114601135,0.9924799203872681,0.11344153434038162,0.8651927709579468,0.8652389049530029,0.47188499569892883,0.8365262746810913,0.8359009623527527,0.5037335157394409,0.4627048969268799,0.6313601136207581
2019,42,1965,0.7295677065849304,0.7294426560401917,1.250036597251892,0.9576089978218079,0.9573559165000916,0.2556120455265045,0.995648205280304,0.9956499934196472,0.0854492336511612,0.9929588437080383,0.9929569959640503,0.10798594355583191,0.8790023922920227,0.8789331316947937,0.4378470182418823,0.8580707907676697,0.8580837845802307,0.5002231597900391,0.41919416189193726,0.5925989747047424
2019,43,1966,0.7359857559204102,0.7359935641288757,1.2976497411727905,0.9506269693374634,0.9506672024726868,0.27925905585289,0.9948457479476929,0.9947974681854248,0.09656045585870743,0.9912462830543518,0.9912014007568359,0.1244642585515976,0.8441383838653564,0.8447768092155457,0.5068179965019226,0.8305339813232422,0.8310351371765137,0.5274320840835571,0.44745805859565735,0.6671798229217529
2019,44,1967,0.720841646194458,0.7207593321800232,1.294934630393982,0.9510071277618408,0.950816810131073,0.2695627212524414,0.990451455116272,0.9900618195533752,0.12859955430030823,0.9859678149223328,0.9856090545654297,0.1532500982284546,0.8977827429771423,0.8961173892021179,0.4304827153682709,0.8652023673057556,0.8647626638412476,0.4880889654159546,0.4256395697593689,0.6013436913490295
2019,45,1968,0.7337576746940613,0.7336611747741699,1.2279962301254272,0.9578263163566589,0.9577417373657227,0.24690410494804382,0.9937321543693542,0.9934006929397583,0.10247648507356644,0.9904213547706604,0.9901496767997742,0.12406594306230545,0.8678758144378662,0.8680734038352966,0.47132107615470886,0.812326967716217,0.8125486969947815,0.5737054944038391,0.43477314710617065,0.6064093112945557
2019,46,1969,0.7618817687034607,0.7618291974067688,1.3399338722229004,0.9538086652755737,0.953827977180481,0.26829224824905396,0.9944440722465515,0.9944431185722351,0.09490630030632019,0.9916068315505981,0.9916039109230042,0.11528483033180237,0.8579955697059631,0.8583502173423767,0.5000962615013123,0.7994384765625,0.7997927665710449,0.5594613552093506,0.46198391914367676,0.6932973861694336
2019,47,1970,0.703769862651825,0.7037983536720276,1.279934048652649,0.9520061612129211,0.9518537521362305,0.264164000749588,0.993106484413147,0.9927913546562195,0.10780083388090134,0.9894834756851196,0.9890876412391663,0.13141988217830658,0.8867772817611694,0.8832689523696899,0.49757120013237,0.8160053491592407,0.8165135383605957,0.6049889326095581,0.4522300362586975,0.6297829151153564
2019,48,1971,0.7342911958694458,0.7341336011886597,1.250460147857666,0.952285885810852,0.9522169828414917,0.262451708316803,0.994381308555603,0.9942788481712341,0.09461650252342224,0.9911456108093262,0.9909670352935791,0.1176273450255394,0.8981454968452454,0.8974707722663879,0.4670097529888153,0.8790721297264099,0.8789966702461243,0.4861259460449219,0.42213889956474304,0.5851935148239136
2019,49,1972,0.7200046181678772,0.7196822762489319,1.486664891242981,0.947801947593689,0.9476863145828247,0.28760117292404175,0.9940199851989746,0.9939831495285034,0.1004825010895729,0.9917258620262146,0.9916895031929016,0.11610319465398788,0.8676118850708008,0.8675113916397095,0.514641523361206,0.850708544254303,0.8509010672569275,0.5392221808433533,0.4624847173690796,0.660686731338501
2019,50,1973,0.7294460535049438,0.7294522523880005,1.4558149576187134,0.9584873914718628,0.9584623575210571,0.2639731764793396,0.993933379650116,0.9939248561859131,0.10262604802846909,0.9911389350891113,0.991122841835022,0.12203853577375412,0.8823667764663696,0.8777432441711426,0.4679156541824341,0.8299691677093506,0.8288923501968384,0.5336353182792664,0.46471214294433594,0.6643142700195312
2020,1,1976,0.7176724076271057,0.7176710367202759,1.4871336221694946,0.9463685154914856,0.9464045166969299,0.29807248711586,0.9955103993415833,0.9954900145530701,0.08803308755159378,0.9931731820106506,0.9930723905563354,0.10877937823534012,0.8654404878616333,0.8611210584640503,0.511914849281311,0.8259007334709167,0.8245412111282349,0.5760301351547241,0.473916620016098,0.6576186418533325
2020,2,1977,0.6412806510925293,0.6412838101387024,1.5080413818359375,0.9313866496086121,0.9313458204269409,0.33735203742980957,0.9933976531028748,0.9933621287345886,0.10947370529174805,0.9904124736785889,0.9903093576431274,0.1314764767885208,0.891534149646759,0.8924538493156433,0.4801420569419861,0.7989920973777771,0.7987451553344727,0.6070036292076111,0.48289987444877625,0.6842784881591797
2020,3,1978,0.6935166120529175,0.6934009194374084,1.3759807348251343,0.9489068388938904,0.9487466216087341,0.30202344059944153,0.9938206076622009,0.993826150894165,0.11104222387075424,0.9916768670082092,0.9916641712188721,0.12809401750564575,0.8773670792579651,0.8775728940963745,0.48290491104125977,0.8471677303314209,0.8437960147857666,0.5111589431762695,0.4480488896369934,0.647205650806427
2020,4,1979,0.6534862518310547,0.6532682776451111,1.5749186277389526,0.9423401951789856,0.9422087073326111,0.31343013048171997,0.9939062595367432,0.9938058257102966,0.10906791687011719,0.9912349581718445,0.9911009073257446,0.13012290000915527,0.8751620054244995,0.8754431009292603,0.5084572434425354,0.8417597413063049,0.8412684202194214,0.585628092288971,0.5037499666213989,0.708922266960144
2020,5,1980,0.6968212723731995,0.6967455744743347,1.5239589214324951,0.9516677856445312,0.951744794845581,0.29992249608039856,0.9937840104103088,0.9937061667442322,0.1116391271352768,0.9908148050308228,0.9907219409942627,0.1356356143951416,0.8986501693725586,0.8982113003730774,0.43149709701538086,0.8915919661521912,0.8913614749908447,0.508809506893158,0.46391263604164124,0.6413366198539734
2020,6,1981,0.680347204208374,0.6802759766578674,1.4393856525421143,0.9483574032783508,0.9484235644340515,0.3036472797393799,0.9931995868682861,0.9927477836608887,0.12119759619235992,0.9903047680854797,0.9897865653038025,0.14223353564739227,0.8802909851074219,0.8818434476852417,0.45814546942710876,0.8889634013175964,0.8889816403388977,0.5086835026741028,0.4686036705970764,0.6350869536399841
2020,7,1982,0.6483083367347717,0.6482599973678589,1.432808756828308,0.9466947317123413,0.9468475580215454,0.32189714908599854,0.9919253587722778,0.9918880462646484,0.13282659649848938,0.9894227385520935,0.9893823266029358,0.15212169289588928,0.8474273681640625,0.8489629030227661,0.491915225982666,0.8028973340988159,0.8031192421913147,0.626921534538269,0.48307332396507263,0.7029709815979004
2020,8,1983,0.6620435118675232,0.6619575023651123,1.4425063133239746,0.9559604525566101,0.9560871720314026,0.30839675664901733,0.9947270154953003,0.9946561455726624,0.11442249268293381,0.992797315120697,0.9927069544792175,0.13378658890724182,0.8718532919883728,0.872261643409729,0.44547244906425476,0.8853690028190613,0.8847830295562744,0.4578080177307129,0.4361441135406494,0.6267955899238586
2020,9,1984,0.6471951007843018,0.64730304479599,1.402730941772461,0.9590669870376587,0.9591821432113647,0.2907935082912445,0.9948294758796692,0.994816780090332,0.1078694611787796,0.9926151633262634,0.9926432967185974,0.12954367697238922,0.8642174601554871,0.8691983222961426,0.46259620785713196,0.8357928991317749,0.8360471129417419,0.5702883005142212,0.4948607087135315,0.6919674873352051
2020,10,1985,0.6525102853775024,0.6524505019187927,1.310754656791687,0.9580119252204895,0.9580703973770142,0.2891661524772644,0.9956026673316956,0.9956143498420715,0.10188546776771545,0.9936444163322449,0.993659496307373,0.12302009761333466,0.8625817894935608,0.867202639579773,0.47693517804145813,0.8423327803611755,0.8398439288139343,0.5357525944709778,0.4466665983200073,0.6134815216064453
2020,11,1986,0.6812248229980469,0.6813817024230957,1.3244684934616089,0.9524006247520447,0.9526922106742859,0.3008987605571747,0.9938274025917053,0.9938077330589294,0.11502232402563095,0.9914019703865051,0.9914229512214661,0.13526663184165955,0.8460524082183838,0.8494365215301514,0.49776601791381836,0.8724917769432068,0.872800350189209,0.535991370677948,0.45149633288383484,0.6268179416656494
2020,12,1987,0.6835256218910217,0.6835479736328125,1.3615820407867432,0.9565805196762085,0.9567620158195496,0.2918035686016083,0.9943801760673523,0.9943803548812866,0.11068449169397354,0.9920443296432495,0.9919768571853638,0.133013054728508,0.812385618686676,0.8147707581520081,0.520232617855072,0.7676864266395569,0.7668730020523071,0.6380379796028137,0.5042425394058228,0.6962263584136963
2020,13,1988,0.671200156211853,0.6713001728057861,1.2694733142852783,0.9559382796287537,0.9558085203170776,0.28338623046875,0.9959510564804077,0.9959205389022827,0.09516387432813644,0.9935702681541443,0.9934289455413818,0.12060801684856415,0.8146172165870667,0.8213686943054199,0.5167694091796875,0.8466401100158691,0.8425152897834778,0.5014846324920654,0.4390781819820404,0.6311503052711487
2020,14,1989,0.6829484105110168,0.6831121444702148,1.2304940223693848,0.9498825073242188,0.9499471783638,0.29196202754974365,0.9929326772689819,0.9923903942108154,0.12779270112514496,0.9894358515739441,0.9889405369758606,0.14952994883060455,0.828947901725769,0.8283007740974426,0.527284562587738,0.7809697985649109,0.7778326869010925,0.617920458316803,0.47559839487075806,0.6850892305374146
2020,15,1990,0.7003031969070435,0.7002965807914734,1.283442497253418,0.951016902923584,0.9509939551353455,0.2950795888900757,0.9943293929100037,0.9940343499183655,0.1077924594283104,0.9908739328384399,0.9908128380775452,0.1314583569765091,0.8631706237792969,0.8640393614768982,0.4793033301830292,0.875508189201355,0.8751620054244995,0.4861283600330353,0.4416978657245636,0.633385956287384
2020,16,1991,0.7284894585609436,0.7285995483398438,1.3413290977478027,0.9614288210868835,0.9613907337188721,0.268304705619812,0.9945317506790161,0.9945423007011414,0.10137620568275452,0.9920409917831421,0.9920493960380554,0.1209157258272171,0.8176872730255127,0.8138803839683533,0.5040770769119263,0.8310266137123108,0.8295120000839233,0.5534849762916565,0.4486439526081085,0.6416236162185669
2020,17,1992,0.7120513319969177,0.7119312286376953,1.3417590856552124,0.9562948942184448,0.9562944769859314,0.28311294317245483,0.994762122631073,0.9947821497917175,0.1014980748295784,0.9923958778381348,0.9923709034919739,0.1212226152420044,0.8473765850067139,0.849983274936676,0.4776822328567505,0.8483219146728516,0.847608745098114,0.521491289138794,0.4642813503742218,0.6602004170417786
2020,18,1993,0.6945875287055969,0.6946097612380981,1.3863964080810547,0.9537662267684937,0.9528260231018066,0.29324105381965637,0.9943103790283203,0.9937595725059509,0.10865680128335953,0.991478681564331,0.9909717440605164,0.1290816068649292,0.8532692193984985,0.852108359336853,0.5171965956687927,0.8325846195220947,0.8321272730827332,0.5867027640342712,0.4637710750102997,0.7404789924621582
2020,19,1994,0.6726660132408142,0.6730118989944458,1.5252127647399902,0.9555914998054504,0.9556365609169006,0.29218706488609314,0.9958133697509766,0.9958466291427612,0.0926818922162056,0.994664192199707,0.9946954846382141,0.1038394421339035,0.8703937530517578,0.8699519634246826,0.4641365706920624,0.8700247406959534,0.8658273816108704,0.5100638270378113,0.4794777035713196,0.6902691721916199
2020,20,1995,0.6940181255340576,0.6936833262443542,1.3181514739990234,0.9547345638275146,0.9544292092323303,0.2959044873714447,0.9951592087745667,0.9945505857467651,0.10810280591249466,0.9930403232574463,0.9923814535140991,0.12455141544342041,0.8865092396736145,0.8845500946044922,0.4517696797847748,0.8666682839393616,0.8667331337928772,0.5077114105224609,0.4505979120731354,0.6400521397590637
2020,21,1996,0.6541858315467834,0.6542694568634033,1.4574211835861206,0.956703782081604,0.9568560123443604,0.28933075070381165,0.9955496191978455,0.9956207275390625,0.09387606382369995,0.9939275979995728,0.9940201044082642,0.10761754214763641,0.8872296214103699,0.8876957297325134,0.46271008253097534,0.8614696264266968,0.8609641194343567,0.51723712682724,0.4727662205696106,0.648465096950531
2020,22,1997,0.7274555563926697,0.72835373878479,1.3223094940185547,0.9673946499824524,0.9673574566841125,0.2641003727912903,0.9970667362213135,0.9970227479934692,0.08583973348140717,0.9953684210777283,0.9952779412269592,0.10400257259607315,0.893290102481842,0.893339216709137,0.4532071053981781,0.8468096852302551,0.8467417359352112,0.5489829182624817,0.4465816915035248,0.6309784650802612
2020,23,1998,0.7185560464859009,0.7192038297653198,1.4031944274902344,0.9666330218315125,0.9664230346679688,0.2691875994205475,0.9947954416275024,0.9944585561752319,0.10779859125614166,0.9937744736671448,0.9935027360916138,0.11558958142995834,0.8997089266777039,0.9004815220832825,0.46652451157569885,0.8656580448150635,0.8655783534049988,0.5330546498298645,0.4602852463722229,0.6690785884857178
2020,24,1999,0.7291573882102966,0.7297624945640564,1.2866857051849365,0.9683130979537964,0.968335747718811,0.2586565911769867,0.9947183132171631,0.9947361946105957,0.10078909993171692,0.9935221076011658,0.9936081767082214,0.11034936457872391,0.9078294634819031,0.9090201258659363,0.4447258412837982,0.8311169743537903,0.8264473080635071,0.5531027317047119,0.4576672613620758,0.643906831741333
2020,25,2000,0.7001358866691589,0.7013742923736572,1.4286384582519531,0.964418888092041,0.9648575782775879,0.27389290928840637,0.9932615160942078,0.9934361577033997,0.11480686068534851,0.9912691116333008,0.991489589214325,0.12908519804477692,0.9009281396865845,0.9029138684272766,0.49620380997657776,0.8286483287811279,0.8286418318748474,0.5753014087677002,0.4665752351284027,0.6471524834632874
2020,26,2001,0.6943023800849915,0.6961496472358704,1.3733042478561401,0.9700666069984436,0.9703994989395142,0.2552976608276367,0.9958354234695435,0.9959189891815186,0.09240353107452393,0.9940100908279419,0.9941281080245972,0.10981043428182602,0.9162456393241882,0.9182982444763184,0.4624328315258026,0.8467552661895752,0.8449358940124512,0.5564928650856018,0.45859795808792114,0.6229197978973389
2020,27,2002,0.709907591342926,0.710724949836731,1.2995398044586182,0.967501699924469,0.9678455591201782,0.2662930190563202,0.9958397150039673,0.9959079027175903,0.09132904559373856,0.9944442510604858,0.994560182094574,0.10489939898252487,0.9201709628105164,0.9230190515518188,0.4242415428161621,0.8698433637619019,0.8698611855506897,0.5021507143974304,0.4487888514995575,0.6404623985290527
2020,28,2003,0.6826220154762268,0.6843481659889221,1.3829940557479858,0.965168297290802,0.9654146432876587,0.2760692238807678,0.996685802936554,0.9967184066772461,0.08295878022909164,0.9950279593467712,0.9951057434082031,0.10081977397203445,0.9012978076934814,0.9044291377067566,0.4878849387168884,0.8560435771942139,0.855797290802002,0.5575995445251465,0.4452672302722931,0.6201585531234741
2020,29,2004,0.7319214344024658,0.7328653931617737,1.3630597591400146,0.9727076888084412,0.9729023575782776,0.2623545229434967,0.9952759146690369,0.9951880574226379,0.11924531310796738,0.994095504283905,0.9939563870429993,0.1297147423028946,0.9192150831222534,0.9192350506782532,0.421771377325058,0.8648046255111694,0.8644356727600098,0.5140719413757324,0.4442814588546753,0.6413541436195374
2020,30,2005,0.6929094195365906,0.6938834190368652,1.4292861223220825,0.9714071750640869,0.9715499877929688,0.2584436535835266,0.9964389801025391,0.9964412450790405,0.08924999088048935,0.9948874115943909,0.9949595928192139,0.10577135533094406,0.921350359916687,0.9223223924636841,0.4409543573856354,0.8372171521186829,0.8362060189247131,0.5724707841873169,0.45696884393692017,0.6260464787483215
2020,31,2006,0.7236491441726685,0.7245582342147827,1.377918004989624,0.966380774974823,0.9665213823318481,0.27212053537368774,0.9962161183357239,0.9962262511253357,0.08994784951210022,0.9943428039550781,0.9944060444831848,0.10884670913219452,0.8868997693061829,0.8873088955879211,0.5593364834785461,0.8039737343788147,0.8007718324661255,0.6016286611557007,0.47995689511299133,0.6710318922996521
2020,32,2007,0.6489571928977966,0.6490951180458069,1.4657762050628662,0.9648550748825073,0.9650394916534424,0.27900904417037964,0.9969070553779602,0.9969491958618164,0.08809203654527664,0.9950340986251831,0.9951022267341614,0.10706565529108047,0.9112345576286316,0.9126489758491516,0.4775383472442627,0.8653973340988159,0.8653335571289062,0.49321168661117554,0.4497506320476532,0.6343904733657837
2020,33,2008,0.675876259803772,0.677103579044342,1.3910107612609863,0.9668805599212646,0.9669309258460999,0.2721795439720154,0.9948692917823792,0.9949177503585815,0.10759264975786209,0.9927898049354553,0.9928621053695679,0.1262413114309311,0.9071605205535889,0.907995879650116,0.48640817403793335,0.8320001363754272,0.8301560878753662,0.5718736052513123,0.47217559814453125,0.6788008213043213
2020,34,2009,0.6630580425262451,0.6639276146888733,1.4570289850234985,0.967170774936676,0.9671252369880676,0.2600576877593994,0.9962573051452637,0.9958147406578064,0.09415782988071442,0.9941248297691345,0.9936563968658447,0.1163526102900505,0.8998937606811523,0.9014943242073059,0.46657755970954895,0.8587063550949097,0.8587173819541931,0.518683671951294,0.4574430584907532,0.6438856720924377
2020,35,2010,0.6919311881065369,0.6925393342971802,1.3675867319107056,0.9710961580276489,0.9711329340934753,0.25182536244392395,0.9954290986061096,0.9954723119735718,0.10201182961463928,0.9936707019805908,0.9937245845794678,0.11743845045566559,0.9040284752845764,0.9041423201560974,0.44608989357948303,0.8844923973083496,0.8837342858314514,0.5005386471748352,0.44008055329322815,0.6095449328422546
2020,36,2011,0.7053124904632568,0.7055777311325073,1.3403058052062988,0.966559648513794,0.9662064909934998,0.26175564527511597,0.995579719543457,0.9952829480171204,0.09949205815792084,0.9930909276008606,0.9928686022758484,0.12165729701519012,0.8951378464698792,0.8951593637466431,0.45837458968162537,0.8608992099761963,0.860989511013031,0.5170536041259766,0.43278294801712036,0.6160759329795837
2020,37,2012,0.711057722568512,0.711165726184845,1.2857446670532227,0.9706130027770996,0.9706060886383057,0.24539853632450104,0.9949327111244202,0.9949385523796082,0.10172562301158905,0.9924332499504089,0.992466390132904,0.12284822762012482,0.8978973031044006,0.8977988362312317,0.43651455640792847,0.8242101669311523,0.8239517211914062,0.5471914410591125,0.44990065693855286,0.5873164534568787
2020,38,2013,0.6769728660583496,0.6770658493041992,1.3931306600570679,0.954249382019043,0.9541664719581604,0.2982243597507477,0.9938408136367798,0.9936079382896423,0.11010918766260147,0.9905784130096436,0.990422785282135,0.13444216549396515,0.8882612586021423,0.8850986361503601,0.4908161759376526,0.883587121963501,0.8827265501022339,0.4994182884693146,0.4526350498199463,0.6444050669670105
2020,39,2014,0.6997550129890442,0.6997721195220947,1.3718113899230957,0.9602124094963074,0.9602032899856567,0.2792649567127228,0.9957957863807678,0.995806097984314,0.09119933843612671,0.9931160807609558,0.9931331872940063,0.11584040522575378,0.9026793837547302,0.9024024605751038,0.44497478008270264,0.9026850461959839,0.9024453163146973,0.4656659960746765,0.4337162673473358,0.6129591464996338
2020,40,2015,0.6728926301002502,0.6728764772415161,1.3827698230743408,0.9572939872741699,0.9572951793670654,0.29128941893577576,0.9952908754348755,0.9952964782714844,0.09784841537475586,0.9925434589385986,0.9925108551979065,0.1215599849820137,0.8683760166168213,0.8683626651763916,0.49985846877098083,0.8490502238273621,0.8481116890907288,0.568240225315094,0.47361114621162415,0.6412875056266785
2020,41,2016,0.6750823259353638,0.6750571727752686,1.3916462659835815,0.957870602607727,0.9579008221626282,0.2790081202983856,0.9958896636962891,0.9958689212799072,0.08585985004901886,0.9933560490608215,0.9933543801307678,0.10857600718736649,0.8785566687583923,0.8784153461456299,0.45202040672302246,0.8409866690635681,0.8397195339202881,0.5550938844680786,0.4536471366882324,0.6283924579620361
2020,42,2017,0.6869027614593506,0.6865686774253845,1.3915940523147583,0.957158088684082,0.9571413993835449,0.2760050594806671,0.9956689476966858,0.995660126209259,0.08649445325136185,0.992766261100769,0.9927626252174377,0.11107504367828369,0.8552008867263794,0.8559793829917908,0.5017473697662354,0.8843979835510254,0.8825889825820923,0.493917316198349,0.44122233986854553,0.6202204823493958
2020,43,2018,0.669500470161438,0.6695654988288879,1.379521131515503,0.9559345245361328,0.9557601809501648,0.27469778060913086,0.9926016926765442,0.9919652938842773,0.11767183989286423,0.9897316694259644,0.9891971945762634,0.13455945253372192,0.833558976650238,0.835071325302124,0.5304408669471741,0.8691148161888123,0.8681829571723938,0.5359545350074768,0.46755918860435486,0.6455433964729309
2020,44,2019,0.711068868637085,0.7110275030136108,1.296563744544983,0.9526621699333191,0.9527125954627991,0.27824488282203674,0.9931977987289429,0.9918282628059387,0.12858189642429352,0.9899584650993347,0.9885100722312927,0.14629149436950684,0.8286667466163635,0.8299580812454224,0.5415310859680176,0.8241140246391296,0.8227923512458801,0.6099756956100464,0.4772392511367798,0.6486220359802246
2020,45,2020,0.7478306889533997,0.7478627562522888,1.2522083520889282,0.946786105632782,0.9467626214027405,0.28270137310028076,0.9923464059829712,0.9918113946914673,0.1148277148604393,0.9899203181266785,0.9893574714660645,0.12929709255695343,0.8889123797416687,0.8890560269355774,0.47336483001708984,0.8909791111946106,0.8909812569618225,0.4998944103717804,0.4277983009815216,0.5921618938446045
2020,46,2021,0.7137038707733154,0.7136179804801941,1.3165627717971802,0.9517532587051392,0.95150226354599,0.2755119800567627,0.9930668473243713,0.9929825663566589,0.10274625569581985,0.9908439517021179,0.9907130599021912,0.11698649078607559,0.8483741879463196,0.8486575484275818,0.53890061378479,0.8445276021957397,0.8414438366889954,0.5774283409118652,0.45818814635276794,0.6188766956329346
2020,47,2022,0.6847427487373352,0.6847078800201416,1.4315022230148315,0.9414460062980652,0.9414679408073425,0.3002749979496002,0.9915469288825989,0.9915040135383606,0.11460252106189728,0.9883766174316406,0.9883479475975037,0.13256873190402985,0.8704370856285095,0.8712694644927979,0.5094539523124695,0.8612769842147827,0.8610740900039673,0.5364506244659424,0.48253104090690613,0.6596590280532837
2020,48,2023,0.7146304845809937,0.7146002650260925,1.3307127952575684,0.9519250988960266,0.9517225027084351,0.271554172039032,0.9932987689971924,0.9933008551597595,0.10343009978532791,0.9906074404716492,0.990604043006897,0.12104079872369766,0.9050406813621521,0.9053131341934204,0.41818323731422424,0.8515715003013611,0.8513115048408508,0.5602791905403137,0.44430458545684814,0.6087906360626221
2020,49,2024,0.7160753011703491,0.7160308957099915,1.4141768217086792,0.9473749995231628,0.947376012802124,0.2876148223876953,0.9936826825141907,0.993675172328949,0.1049056127667427,0.990807831287384,0.9908109307289124,0.12562726438045502,0.9159946441650391,0.916042149066925,0.44804343581199646,0.8856842517852783,0.8841188549995422,0.5644367933273315,0.44160571694374084,0.6121127605438232
2020,50,2025,0.6902124285697937,0.6902481913566589,1.3279067277908325,0.9501413106918335,0.9501926302909851,0.27694499492645264,0.9887315034866333,0.9886474609375,0.1377548724412918,0.9853050708770752,0.9852203726768494,0.15679217875003815,0.8884298205375671,0.8879806995391846,0.4908062517642975,0.8242647647857666,0.8242853879928589,0.5976342558860779,0.46449363231658936,0.6198750138282776
2021,1,2028,0.7266251444816589,0.7266199588775635,1.3344287872314453,0.9476014971733093,0.9471435546875,0.286287784576416,0.9934448599815369,0.9934520125389099,0.10734625905752182,0.990811824798584,0.9908187985420227,0.12657348811626434,0.905167281627655,0.9044497013092041,0.4935448169708252,0.8271302580833435,0.824860692024231,0.5949662923812866,0.4565025568008423,0.6264674067497253
2021,2,2029,0.6861001253128052,0.6861238479614258,1.4538573026657104,0.9421865940093994,0.9421905279159546,0.3051595091819763,0.9932918548583984,0.9932997822761536,0.11056739836931229,0.9900200366973877,0.9900293946266174,0.13443909585475922,0.8909212350845337,0.8910446763038635,0.49930474162101746,0.8523174524307251,0.8532436490058899,0.5330372452735901,0.4594303369522095,0.6457163691520691
2021,3,2030,0.6747145652770996,0.6745425462722778,1.604979157447815,0.9436649680137634,0.943726122379303,0.30924275517463684,0.9949847459793091,0.995009183883667,0.09858542680740356,0.993224561214447,0.9932460188865662,0.11419631540775299,0.8758445978164673,0.8740209937095642,0.5205362439155579,0.8638381958007812,0.863849937915802,0.5891998410224915,0.4876474440097809,0.6651028990745544
2021,4,2031,0.6482824683189392,0.6482860445976257,1.497869849205017,0.9492712616920471,0.9491895437240601,0.29834601283073425,0.9918836355209351,0.9919320940971375,0.1267736256122589,0.9892505407333374,0.9892942905426025,0.1462721973657608,0.8852899074554443,0.8850643634796143,0.4992239475250244,0.8462350368499756,0.8465151190757751,0.6007954478263855,0.5017983317375183,0.6632430553436279
2021,5,2032,0.6684113144874573,0.6685267090797424,1.3780840635299683,0.9511731863021851,0.9510201215744019,0.29389452934265137,0.9932858347892761,0.9933226704597473,0.11693573743104935,0.9907571077346802,0.9907838106155396,0.13734027743339539,0.8927348256111145,0.892684280872345,0.4648348093032837,0.8651987314224243,0.8608319163322449,0.5288635492324829,0.4652659296989441,0.6443413496017456
2021,6,2033,0.6955094933509827,0.6953083276748657,1.4000085592269897,0.9467965364456177,0.9468428492546082,0.31328311562538147,0.989484965801239,0.9895095825195312,0.14810515940189362,0.9860363006591797,0.9861185550689697,0.17033271491527557,0.8404159545898438,0.8370553851127625,0.6014811992645264,0.867073655128479,0.8670399188995361,0.5386883020401001,0.46294692158699036,0.6634716987609863
2021,7,2034,0.6441183090209961,0.644418478012085,1.525118350982666,0.9501614570617676,0.9501227140426636,0.3138442635536194,0.9949669241905212,0.9949852228164673,0.10454533249139786,0.9923028349876404,0.9923310875892639,0.12950225174427032,0.8692940473556519,0.8692353367805481,0.48424023389816284,0.8616097569465637,0.8613634705543518,0.5307284593582153,0.47260263562202454,0.6480453610420227
2021,8,2035,0.6620329022407532,0.6624009013175964,1.325495958328247,0.9523941278457642,0.9526509642601013,0.300710529088974,0.9934905767440796,0.9934808015823364,0.11818576604127884,0.9914002418518066,0.9914623498916626,0.13467781245708466,0.8720839619636536,0.8671256899833679,0.5050135850906372,0.8110230565071106,0.8110222816467285,0.5738126635551453,0.45330601930618286,0.6234269142150879
2021,9,2036,0.6491595506668091,0.6494439244270325,1.2327696084976196,0.9572173953056335,0.9574148654937744,0.2819332480430603,0.9944056272506714,0.9944332242012024,0.10979346930980682,0.9918633699417114,0.9919097423553467,0.13227619230747223,0.8700093626976013,0.8701427578926086,0.4465685486793518,0.8740772008895874,0.8730325102806091,0.4897242784500122,0.4434865117073059,0.6006390452384949
2021,10,2037,0.685517430305481,0.6855888366699219,1.2147849798202515,0.9591956734657288,0.959434986114502,0.2793405055999756,0.995182454586029,0.995193362236023,0.10208243131637573,0.9932929277420044,0.9933263659477234,0.11968256533145905,0.8646079897880554,0.864704430103302,0.4458995759487152,0.8651537895202637,0.8651551008224487,0.5253339409828186,0.43273308873176575,0.5842233896255493
2021,11,2038,0.7098721861839294,0.7097695469856262,1.268721103668213,0.9526992440223694,0.9529799222946167,0.3020515739917755,0.9950951933860779,0.9950953722000122,0.10295498371124268,0.9926306009292603,0.9925758242607117,0.12689733505249023,0.8278008103370667,0.8289118409156799,0.48758548498153687,0.8566185235977173,0.856674075126648,0.5157699584960938,0.43955913186073303,0.6102294921875
2021,12,2039,0.6354661583900452,0.6356742978096008,1.4501218795776367,0.9549093246459961,0.9550429582595825,0.3039802014827728,0.9953427910804749,0.9952681064605713,0.10841770470142365,0.9926952719688416,0.9924237728118896,0.13555261492729187,0.7851190567016602,0.7869827747344971,0.5358179807662964,0.8050215244293213,0.8044264316558838,0.6314356327056885,0.5129166841506958,0.6691761612892151
2021,13,2040,0.6589842438697815,0.6594512462615967,1.257588505744934,0.9505184888839722,0.9504621624946594,0.31141018867492676,0.9945187568664551,0.9945223331451416,0.10964078456163406,0.9923256635665894,0.992309033870697,0.13027116656303406,0.8481121063232422,0.8525509834289551,0.43212631344795227,0.8389703631401062,0.8378281593322754,0.5367518663406372,0.4497065246105194,0.610988974571228
2021,14,2041,0.6547170877456665,0.6547178030014038,1.3588852882385254,0.9504121541976929,0.9502149224281311,0.30298665165901184,0.9931254386901855,0.9931166172027588,0.12753452360630035,0.9912598133087158,0.9911068677902222,0.14481814205646515,0.7809836268424988,0.7865310311317444,0.5136306881904602,0.8410851955413818,0.8404633402824402,0.5363457798957825,0.4547296166419983,0.6626313924789429
2021,15,2042,0.7083642482757568,0.7084505558013916,1.2429118156433105,0.9626120328903198,0.9626976847648621,0.25928038358688354,0.9937946200370789,0.9937416911125183,0.11387663334608078,0.9915415048599243,0.9915358424186707,0.1316043585538864,0.8352414965629578,0.8371724486351013,0.4620717465877533,0.8315383791923523,0.830405592918396,0.5227248668670654,0.42906489968299866,0.6343591213226318
2021,16,2043,0.6649617552757263,0.6649001240730286,1.2901138067245483,0.9527258276939392,0.9524133205413818,0.2929863929748535,0.9962252974510193,0.9962013363838196,0.08799760788679123,0.9938163161277771,0.9938169717788696,0.1116323173046112,0.8613216876983643,0.8621898889541626,0.4415055513381958,0.8627609014511108,0.8622604012489319,0.5377783179283142,0.42623019218444824,0.5988227128982544
2021,17,2044,0.7143763899803162,0.7143803238868713,1.3515123128890991,0.9574862718582153,0.9574655890464783,0.29408615827560425,0.9943618774414062,0.9942411184310913,0.11673783510923386,0.9927282929420471,0.9925450086593628,0.1311522126197815,0.8449727296829224,0.8403324484825134,0.4592905640602112,0.878355860710144,0.8772990107536316,0.5100281238555908,0.447113037109375,0.6185632944107056
2021,18,2045,0.6857614517211914,0.6858176589012146,1.3899725675582886,0.950911819934845,0.9504882097244263,0.30967435240745544,0.9920356869697571,0.991901695728302,0.12691211700439453,0.989815890789032,0.9897637367248535,0.1410609930753708,0.8157386779785156,0.8171877861022949,0.5174943208694458,0.8336716294288635,0.8334928154945374,0.5531663298606873,0.4749293625354767,0.676821768283844
2021,19,2046,0.6988678574562073,0.6991854906082153,1.4293909072875977,0.9576149582862854,0.957569420337677,0.2879301607608795,0.9944419860839844,0.9944897890090942,0.1041506752371788,0.9919853210449219,0.9920281171798706,0.12321033328771591,0.869646430015564,0.86972576379776,0.4574487805366516,0.8237026929855347,0.8231865167617798,0.5713331699371338,0.4756077527999878,0.6961329579353333
2021,20,2047,0.6918167471885681,0.6916247010231018,1.4872561693191528,0.9553699493408203,0.9550418853759766,0.3003266155719757,0.9940469861030579,0.9940782785415649,0.11119652539491653,0.9917638301849365,0.9918181300163269,0.12772014737129211,0.875205934047699,0.8751951456069946,0.459695428609848,0.8364786505699158,0.836479902267456,0.5354399681091309,0.4781847298145294,0.6572353839874268
2021,21,2048,0.6775096654891968,0.6770783066749573,1.3581888675689697,0.9639871120452881,0.9640161991119385,0.2763747572898865,0.9959997534751892,0.9958008527755737,0.11368169635534286,0.994388997554779,0.9941663146018982,0.12721659243106842,0.8826317191123962,0.8825599551200867,0.4521341323852539,0.8281992673873901,0.8238452076911926,0.5519518256187439,0.4483608603477478,0.609767496585846
2021,22,2049,0.6677221059799194,0.6682997941970825,1.3761076927185059,0.9658949375152588,0.9657056331634521,0.2762937843799591,0.9945122599601746,0.9943020939826965,0.12545716762542725,0.9927001595497131,0.9924174547195435,0.1411103457212448,0.8926206827163696,0.8926482200622559,0.45746830105781555,0.8356671929359436,0.8356617093086243,0.5578391551971436,0.4692375361919403,0.6339021921157837
2021,23,2050,0.6713750958442688,0.6719923615455627,1.3781096935272217,0.96649169921875,0.9665101170539856,0.26672670245170593,0.9953089952468872,0.9953843355178833,0.09766800701618195,0.9943358898162842,0.9944204688072205,0.10610226541757584,0.9084563255310059,0.9089973568916321,0.46550101041793823,0.8377128839492798,0.8346999287605286,0.5648340582847595,0.4524575471878052,0.6434552073478699
2021,24,2051,0.6873964667320251,0.6885620951652527,1.3348666429519653,0.965655505657196,0.9657688140869141,0.27378126978874207,0.9941667914390564,0.9942687153816223,0.10911937057971954,0.992745578289032,0.9928770065307617,0.1197555810213089,0.8821211457252502,0.8844801187515259,0.49889662861824036,0.8198325634002686,0.8197405338287354,0.5642873644828796,0.44227614998817444,0.6198592185974121
2021,25,2052,0.708830714225769,0.7094447612762451,1.3056005239486694,0.967797040939331,0.9680604934692383,0.2659452259540558,0.9961735010147095,0.996222734451294,0.08756079524755478,0.9946816563606262,0.9947965741157532,0.10169441998004913,0.90031898021698,0.9020887613296509,0.46103012561798096,0.8612748980522156,0.8611840009689331,0.5671555995941162,0.4444030821323395,0.6220316886901855
2021,26,2053,0.7061329483985901,0.7068631052970886,1.357986330986023,0.9681910872459412,0.9683877825737,0.26622048020362854,0.9953382015228271,0.995352566242218,0.10896564275026321,0.9938068985939026,0.9938071966171265,0.12146984040737152,0.9073259830474854,0.9078583717346191,0.43835529685020447,0.8784773349761963,0.8784048557281494,0.50642329454422,0.425085186958313,0.5893004536628723
2021,27,2054,0.7014427781105042,0.7024580836296082,1.4479092359542847,0.9695329666137695,0.969584584236145,0.26727715134620667,0.995990514755249,0.9960495829582214,0.09786774218082428,0.9942122101783752,0.994296669960022,0.11452718079090118,0.917851984500885,0.9182652235031128,0.42537224292755127,0.8668886423110962,0.8666260838508606,0.5221129059791565,0.449612557888031,0.6304731369018555
2021,28,2055,0.7023919820785522,0.703696608543396,1.4619097709655762,0.9664119482040405,0.9666953682899475,0.27643921971321106,0.9954825043678284,0.9954631924629211,0.0972549170255661,0.9940426349639893,0.9941190481185913,0.11072516441345215,0.8998324275016785,0.9015107750892639,0.49297797679901123,0.8310738205909729,0.8300479054450989,0.5894018411636353,0.4809854030609131,0.6997739672660828
2021,29,2056,0.7063523530960083,0.7075316905975342,1.4046406745910645,0.9680561423301697,0.968320369720459,0.2693450450897217,0.9930934906005859,0.9932360053062439,0.12279939651489258,0.9912760853767395,0.9914390444755554,0.13512994349002838,0.8895127177238464,0.8922256231307983,0.513233482837677,0.8861256837844849,0.8852583169937134,0.4851011335849762,0.4512331187725067,0.6569433212280273
2021,30,2057,0.6846233010292053,0.6858016848564148,1.3649382591247559,0.9704660773277283,0.9706534147262573,0.26765480637550354,0.9960073828697205,0.9960311055183411,0.10882873088121414,0.994480550289154,0.994453489780426,0.12210232764482498,0.90468430519104,0.9068337082862854,0.47437119483947754,0.8714442253112793,0.8719443082809448,0.5152068734169006,0.4397328197956085,0.6070056557655334
2021,31,2058,0.7073924541473389,0.7074469327926636,1.3204727172851562,0.9697339534759521,0.969661295413971,0.26353850960731506,0.9937953948974609,0.9937868714332581,0.11559566855430603,0.9921817183494568,0.9922632575035095,0.1289166361093521,0.9084014892578125,0.9102795720100403,0.4574238955974579,0.8526568412780762,0.8526504039764404,0.556332528591156,0.44373905658721924,0.5941384434700012
2021,32,2059,0.6861556172370911,0.6872254014015198,1.4073480367660522,0.9712729454040527,0.9712849855422974,0.2626399099826813,0.9949510097503662,0.995016872882843,0.11122588068246841,0.993206262588501,0.9932860732078552,0.1246262714266777,0.9205800294876099,0.9215621948242188,0.41455361247062683,0.8687507510185242,0.8684895038604736,0.5047687292098999,0.43794915080070496,0.6005918383598328
2021,33,2060,0.683854341506958,0.6837254166603088,1.307030439376831,0.968108057975769,0.9681646227836609,0.26559025049209595,0.9938700199127197,0.9938501715660095,0.11378423869609833,0.9919450879096985,0.9919992089271545,0.1299862414598465,0.9045442938804626,0.9052497744560242,0.4494759142398834,0.8706146478652954,0.8704887628555298,0.5116924047470093,0.4384779930114746,0.60826575756073
2021,34,2061,0.712989330291748,0.7135666608810425,1.3302185535430908,0.9689669609069824,0.9688730835914612,0.25721827149391174,0.9955477118492126,0.9954659938812256,0.09635738283395767,0.9935415983200073,0.9935160279273987,0.11550145596265793,0.9139004349708557,0.9141967296600342,0.4203586280345917,0.8766049742698669,0.8762248754501343,0.5243858098983765,0.44450730085372925,0.6274254322052002
2021,35,2062,0.6965717673301697,0.696921169757843,1.3751792907714844,0.9678830504417419,0.967863142490387,0.2627882659435272,0.9963565468788147,0.9963374733924866,0.08667755872011185,0.9944125413894653,0.9944207072257996,0.10628297924995422,0.9147739410400391,0.9152376651763916,0.4321596026420593,0.906300961971283,0.9062880873680115,0.4614032506942749,0.4291699528694153,0.6030477285385132
2021,36,2063,0.6982144713401794,0.6985765099525452,1.3081932067871094,0.9665448069572449,0.966408371925354,0.2617839276790619,0.9960925579071045,0.9959892630577087,0.08933541178703308,0.993641197681427,0.9936133027076721,0.11285942047834396,0.900959312915802,0.9002344012260437,0.4565184414386749,0.8842129707336426,0.8841171264648438,0.4784848988056183,0.44206535816192627,0.5936095714569092
2021,37,2064,0.6781834363937378,0.678101658821106,1.3649303913116455,0.9633540511131287,0.963219940662384,0.27792713046073914,0.9970689415931702,0.9970370531082153,0.08963292092084885,0.9950246810913086,0.9949564337730408,0.11000145226716995,0.8590782284736633,0.8586832284927368,0.5116716027259827,0.8680330514907837,0.8681132197380066,0.5234695672988892,0.4416874051094055,0.6219815015792847
2021,38,2065,0.6737319231033325,0.6737915873527527,1.3626750707626343,0.9575315117835999,0.9575197696685791,0.28815093636512756,0.9946115016937256,0.9945064783096313,0.10314509272575378,0.9918692708015442,0.991752564907074,0.12634843587875366,0.8706284165382385,0.8705344796180725,0.5015674829483032,0.8580832481384277,0.855909526348114,0.5385814905166626,0.4683469831943512,0.6532623171806335
2021,39,2066,0.7066224813461304,0.7066572308540344,1.3524984121322632,0.9588218927383423,0.9588385820388794,0.2761431634426117,0.9960423707962036,0.996004581451416,0.08588465303182602,0.993564784526825,0.9935566782951355,0.10847808420658112,0.9022696614265442,0.9021674394607544,0.4262327253818512,0.8769582509994507,0.8768056035041809,0.49914395809173584,0.4403565526008606,0.6327304244041443
2021,40,2067,0.6811068058013916,0.6811264157295227,1.3653990030288696,0.9623121619224548,0.9623022079467773,0.26703181862831116,0.995298445224762,0.9952804446220398,0.09871508181095123,0.9925326108932495,0.9924127459526062,0.12245967984199524,0.8765884637832642,0.8768113255500793,0.4765937328338623,0.866051197052002,0.8658905625343323,0.5332229733467102,0.44156888127326965,0.5854399800300598
2021,41,2068,0.7122767567634583,0.7120315432548523,1.3664426803588867,0.9620027542114258,0.9617430567741394,0.2608400881290436,0.9957311153411865,0.9956575036048889,0.08813267201185226,0.9933547973632812,0.9933117032051086,0.10854475945234299,0.8800455927848816,0.8797524571418762,0.47237032651901245,0.8859315514564514,0.8859066963195801,0.5048021674156189,0.43945562839508057,0.6240127682685852
2021,42,2069,0.6742886304855347,0.674426257610321,1.327952265739441,0.9561142325401306,0.9561244249343872,0.2703256905078888,0.9958159923553467,0.9956876039505005,0.08587837219238281,0.9932271838188171,0.9931333065032959,0.10756752640008926,0.8633953332901001,0.8638252019882202,0.4709627032279968,0.8402882218360901,0.8401735424995422,0.5376728773117065,0.45948225259780884,0.6392767429351807
2021,43,2070,0.7166153192520142,0.7166391015052795,1.319379448890686,0.951606035232544,0.9515219330787659,0.2865718901157379,0.9950146675109863,0.9950132369995117,0.09156601130962372,0.9923936128616333,0.992394745349884,0.11274994164705276,0.8770550489425659,0.8770508766174316,0.44754377007484436,0.8706520199775696,0.8690943121910095,0.5115960240364075,0.4397551417350769,0.5985047817230225
2021,44,2071,0.7313226461410522,0.7314758896827698,1.2365761995315552,0.9556778073310852,0.9553968906402588,0.2799876034259796,0.9952734112739563,0.9952586889266968,0.09063704311847687,0.9921313524246216,0.992070734500885,0.11583108454942703,0.8862143754959106,0.8880429863929749,0.44932594895362854,0.8701146245002747,0.8700805306434631,0.4924769997596741,0.4236729145050049,0.6037449836730957
2021,45,2072,0.7279057502746582,0.7279267311096191,1.2201859951019287,0.9521143436431885,0.9520367980003357,0.2765767276287079,0.9917134642601013,0.9916929006576538,0.11671455204486847,0.9883159399032593,0.9883087277412415,0.1372707039117813,0.8760439157485962,0.8764234185218811,0.48608943819999695,0.8643783330917358,0.8640846610069275,0.5270585417747498,0.45091599225997925,0.6121388077735901
2021,46,2073,0.711568295955658,0.7115390300750732,1.2912646532058716,0.9530503749847412,0.95281982421875,0.280039519071579,0.9940576553344727,0.9940581321716309,0.10317255556583405,0.9911152720451355,0.9910843372344971,0.12254776805639267,0.876198410987854,0.8771483898162842,0.4655977487564087,0.8808048367500305,0.8807200789451599,0.5077744126319885,0.4421837031841278,0.6001442670822144
2021,47,2074,0.6545727252960205,0.6545103192329407,1.5178667306900024,0.9437669515609741,0.9438759684562683,0.30462875962257385,0.994148850440979,0.9940850138664246,0.09924483299255371,0.991665244102478,0.9916492104530334,0.1171656996011734,0.8162634968757629,0.8189822435379028,0.5534866452217102,0.8603927493095398,0.8585156202316284,0.6034692525863647,0.49156439304351807,0.6623650193214417
2021,48,2075,0.7285400032997131,0.728728711605072,1.2499359846115112,0.9523369073867798,0.9523937106132507,0.2764679491519928,0.99357008934021,0.9934340119361877,0.10422607511281967,0.9906477928161621,0.9905723333358765,0.12405811250209808,0.8583135008811951,0.8610662817955017,0.4732464551925659,0.8853369951248169,0.8850994110107422,0.49422094225883484,0.44197526574134827,0.6266663670539856
2021,49,2076,0.6698127388954163,0.6698647737503052,1.3731471300125122,0.9452585577964783,0.9453503489494324,0.2858923375606537,0.9894469380378723,0.9892627000808716,0.13195858895778656,0.9859057068824768,0.9858083128929138,0.15095551311969757,0.8344390988349915,0.8358816504478455,0.5619651079177856,0.778397262096405,0.7785410284996033,0.6443037986755371,0.4991847276687622,0.6906489729881287
2021,50,2077,0.6620070934295654,0.6620432734489441,1.4195173978805542,0.9388471841812134,0.9388946890830994,0.30859246850013733,0.9929503798484802,0.992927074432373,0.10805850476026535,0.9900736212730408,0.9900502562522888,0.12667407095432281,0.8608309626579285,0.8619779348373413,0.5156087875366211,0.8198354840278625,0.8188551068305969,0.5783798098564148,0.47320225834846497,0.6518653035163879
